Period,S&P 500 index
2022-11-01,3888.26301276473
2022-10-01,3726.0505154390335
2022-09-01,3850.5218021268934
2022-08-01,4158.5631338801295
2022-07-01,3911.730187573202
2022-06-01,3898.946993554171
2022-05-01,4040.3598308431738
2022-04-01,4391.295005742777
2022-03-01,4391.264982277523
2022-02-01,4435.980293322856
2022-01-01,4573.814823771528
2021-12-01,4674.772696422577
2021-11-01,4667.38672972238
2021-10-01,4460.706522416193
2021-09-01,4445.543323157054
2021-08-01,4454.206783418321
2021-07-01,4363.712751328414
2021-06-01,4238.489334229291
2021-05-01,4167.8487928618215
2021-04-01,4141.177074988718
2021-03-01,3910.507507792875
2021-02-01,3883.431615452678
2021-01-01,3793.7474281235336
2020-12-01,3695.3104536167434
2020-11-01,3548.9921917468646
2020-10-01,3418.700903692111
2020-09-01,3365.5167163672822
2020-08-01,3391.7103357845267
2020-07-01,3207.619598463251
2020-06-01,3104.6603340239312
2020-05-01,2919.6144503508076
2020-04-01,2761.9757439233804
2020-03-01,2652.392827369858
2020-02-01,3277.3139711279823
2020-01-01,3278.203490584896
2019-12-01,3176.749305649163
2019-11-01,3104.903969067806
2019-10-01,2977.675945047988
2019-09-01,2982.1550321347977
2019-08-01,2897.4981329061116
2019-07-01,2996.1138286493456
2019-06-01,2890.1662214103494
2019-05-01,2854.706237024494
2019-04-01,2903.8009536819854
2019-03-01,2803.9830600812734
2019-02-01,2754.8646377540545
2019-01-01,2607.39082345099
2018-12-01,2567.306760319462
2018-11-01,2723.229515258611
2018-10-01,2785.4648783235784
2018-09-01,2901.500251061937
2018-08-01,2857.8209453042296
2018-07-01,2793.644122687648
2018-06-01,2754.3525409622102
2018-05-01,2701.493531000587
2018-04-01,2653.6238607567657
2018-03-01,2702.7742885762077
2018-02-01,2705.1546934854614
2018-01-01,2789.804027533222
2017-12-01,2664.3394117341168
2017-11-01,2593.606269430073
2017-10-01,2556.9974338804377
2017-09-01,2492.8416942821677
2017-08-01,2456.2218355744403
2017-07-01,2454.1026271462647
2017-06-01,2433.984309220072
2017-05-01,2395.345372209512
2017-04-01,2359.309161265841
2017-03-01,2366.822459594312
2017-02-01,2329.911285379702
2017-01-01,2275.115785004088
2016-12-01,2246.6291132901074
2016-11-01,2164.9866307325956
2016-10-01,2143.020615864881
2016-09-01,2157.6909258353235
2016-08-01,2177.4814186761996
2016-07-01,2148.9014113331523
2016-06-01,2083.8905386642746
2016-05-01,2065.550802588412
2016-04-01,2075.5354385157802
2016-03-01,2021.9541054837923
2016-02-01,1904.4186784249882
2016-01-01,1918.5980937244037
2015-12-01,2054.079150157996
2015-11-01,2080.6155057322376
2015-10-01,2024.8130817406904
2015-09-01,1944.4022999828612
2015-08-01,2039.8671374063765
2015-07-01,2094.144090132139
2015-06-01,2099.2831131555677
2015-05-01,2111.941773545472
2015-04-01,2094.8629831876897
2015-03-01,2079.9905064565246
2015-02-01,2082.1970558003754
2015-01-01,2028.1793785196573
2014-12-01,2054.2655216651247
2014-11-01,2044.5727394357114
2014-10-01,1937.2751299106474
2014-09-01,1993.226128500611
2014-08-01,1961.531500125107
2014-07-01,1973.0994342555691
2014-06-01,1947.0889662094723
2014-05-01,1889.7670046475428
2014-04-01,1864.2627086515474
2014-03-01,1863.5243371304578
2014-02-01,1817.0349382614268
2014-01-01,1822.3565836138823
2013-12-01,1807.7752055802816
2013-11-01,1783.5413553571543
2013-10-01,1720.0259449774633
2013-09-01,1687.1728428288484
2013-08-01,1670.0934116476458
2013-07-01,1668.6747697077633
2013-06-01,1618.7719344860423
2013-05-01,1639.8438945637552
2013-04-01,1570.7023247235725
2013-03-01,1550.8294300008304
2013-02-01,1512.311886792341
2013-01-01,1480.3944883434986
2012-12-01,1422.2845131770368
2012-11-01,1394.511838019828
2012-10-01,1437.816842190036
2012-09-01,1443.4197749086438
2012-08-01,1403.4396522499324
2012-07-01,1359.7773047096841
2012-06-01,1323.4839739021024
2012-05-01,1341.2727286740426
2012-04-01,1386.429822453833
2012-03-01,1389.239413393438
2012-02-01,1352.487095662829
2012-01-01,1300.5776564938285
2011-12-01,1243.3235567546005
2011-11-01,1226.4146271118461
2011-10-01,1207.2159399995141
2011-09-01,1173.8785726581696
2011-08-01,1185.3053996770886
2011-07-01,1325.1843161122129
2011-06-01,1287.2879626438194
2011-05-01,1338.3114262236352
2011-04-01,1331.505086836582
2011-03-01,1304.486608140629
2011-02-01,1321.118864631579
2011-01-01,1282.618645
2010-12-01,1241.525181090909
2010-11-01,1198.888309952381
2010-10-01,1171.5831928095238
2010-09-01,1122.0822450476192
2010-08-01,1087.2827696363636
2010-07-01,1079.8026333333332
2010-06-01,1083.360210590909
2010-05-01,1125.0636763
2010-04-01,1197.3162544285715
2010-03-01,1152.0491195652173
2010-02-01,1089.1618266315788
2010-01-01,1123.5814564736843
2009-12-01,1110.3778417272727
2009-11-01,1088.0683477500002
2009-10-01,1067.6641071363638
2009-09-01,1044.5520427142856
2009-08-01,1009.7248825238096
2009-07-01,935.8209776363636
2009-06-01,926.1151662272728
2009-05-01,902.408213
2009-04-01,848.1516808571429
2009-03-01,757.1268634090909
2009-02-01,805.2270114210527
2009-01-01,865.57524775
2008-12-01,877.5620407727273
2008-11-01,883.0409938421052
2008-10-01,968.8013881304348
2008-09-01,1217.0085093333332
2008-08-01,1281.4725302380953
2008-07-01,1257.3270441363636
2008-06-01,1341.251115
2008-05-01,1403.2179914761905
2008-04-01,1370.467806
2008-03-01,1316.9428269
2008-02-01,1354.87284825
2008-01-01,1378.764066952381
2007-12-01,1479.2280793
2007-11-01,1463.3849222857143
2007-10-01,1539.6592371304346
2007-09-01,1497.1157415789476
2007-08-01,1454.6156620434783
2007-07-01,1520.7049147142857
2007-06-01,1514.4895005714286
2007-05-01,1511.1365635000002
2007-04-01,1463.6475788
2007-03-01,1406.9514168181818
2007-02-01,1444.795392
2007-01-01,1424.1625816
2006-12-01,1416.41977065
2006-11-01,1388.6331497142858
2006-10-01,1363.3853802727272
2006-09-01,1317.8050428000001
2006-08-01,1287.151416652174
2006-07-01,1260.2392894500001
2006-06-01,1253.1227089545455
2006-05-01,1290.0011619090908
2006-04-01,1302.1844963684212
2006-03-01,1293.7407273478261
2006-02-01,1276.6451951052632
2006-01-01,1278.72362085
2005-12-01,1262.0714476190476
2005-11-01,1237.3686136666668
2005-10-01,1191.9654781428571
2005-09-01,1225.915297
2005-08-01,1224.2706028695652
2005-07-01,1222.23744285
2005-06-01,1202.2553236818183
2005-05-01,1178.2756496666666
2005-04-01,1164.4231397142855
2005-03-01,1194.8975467272728
2005-02-01,1199.6266374736842
2005-01-01,1181.4074061
2004-12-01,1199.2105066363636
2004-11-01,1168.936527904762
2004-10-01,1118.0680768095237
2004-09-01,1117.655936190476
2004-08-01,1088.9361602727274
2004-07-01,1105.8463603809523
2004-06-01,1132.7571813809523
2004-05-01,1102.78150245
2004-04-01,1133.0785979047619
2004-03-01,1123.9799750434781
2004-02-01,1143.3566173157894
2004-01-01,1132.51744195
2003-12-01,1080.635463909091
2003-11-01,1049.900554
2003-10-01,1038.7340848695653
2003-09-01,1019.4416527619048
2003-08-01,989.532437904762
2003-07-01,992.536208
2003-06-01,987.9962206666665
2003-05-01,935.9623154761905
2003-04-01,890.0253570476191
2003-03-01,846.6208121904763
2003-02-01,837.6193632631579
2003-01-01,895.83698
2002-12-01,899.1781682380953
2002-11-01,909.92725345
2002-10-01,854.6316275652174
2002-09-01,867.8108216999999
2002-08-01,912.5544024090909
2002-07-01,903.5906283181819
2002-06-01,1014.0460577
2002-05-01,1079.2658366363637
2002-04-01,1112.0350687272728
2002-03-01,1153.78949145
2002-02-01,1100.6680976842106
2002-01-01,1140.2077654285715
2001-12-01,1144.9301532
2001-11-01,1129.6833333333332
2001-10-01,1076.5904347826088
2001-09-01,1044.644
2001-08-01,1178.5056521739132
2001-07-01,1204.4490476190476
2001-06-01,1238.712380952381
2001-05-01,1270.3686363636364
2001-04-01,1189.8375
2001-03-01,1185.8500000000001
2001-02-01,1305.7515789473684
2001-01-01,1335.6280952380953
2000-12-01,1330.9305
2000-11-01,1375.0366666666666
2000-10-01,1390.144090909091
2000-09-01,1468.0539999999999
2000-08-01,1485.4582608695653
2000-07-01,1473.0025
2000-06-01,1461.959090909091
2000-05-01,1418.4795454545454
2000-04-01,1461.3552631578948
2000-03-01,1442.213043478261
2000-02-01,1388.874
2000-01-01,1425.5855
1999-12-01,1428.6836363636364
1999-11-01,1391.0028571428572
1999-10-01,1300.01
1999-09-01,1318.171904761905
1999-08-01,1327.4886363636363
1999-07-01,1380.99
1999-06-01,1322.5527272727272
1999-05-01,1332.074
1999-04-01,1334.757619047619
1999-03-01,1281.6639130434783
1999-02-01,1246.582105263158
1999-01-01,1248.7747368421053
1998-12-01,1190.050909090909
1998-11-01,1144.4334999999999
1998-10-01,1032.47
1998-09-01,1020.6395238095238
1998-08-01,1074.6204761904762
1998-07-01,1156.5772727272727
1998-06-01,1108.3895454545454
1998-05-01,1108.417
1998-04-01,1112.1961904761904
1998-03-01,1076.8254545454545
1998-02-01,1023.7421052631578
1998-01-01,963.359
1997-12-01,962.3659090909091
1997-11-01,938.9236842105263
1997-10-01,951.158695652174
1997-09-01,937.0242857142856
1997-08-01,927.7361904761905
1997-07-01,925.2936363636363
1997-06-01,876.2871428571428
1997-05-01,833.0890476190476
1997-04-01,763.9281818181818
1997-03-01,792.1555000000001
1997-02-01,798.3878947368421
1997-01-01,766.2168181818182
1996-12-01,743.2528571428571
1996-11-01,735.669
1996-10-01,701.455652173913
1996-09-01,674.8845
1996-08-01,662.6822727272728
1996-07-01,644.0704545454545
1996-06-01,668.499
1996-05-01,661.2304545454546
1996-04-01,647.1728571428572
1996-03-01,647.0747619047619
1996-02-01,649.542
1996-01-01,614.42
1995-12-01,614.5715
1995-11-01,595.532380952381
1995-10-01,582.9181818181819
1995-09-01,578.7655
1995-08-01,559.11
1995-07-01,557.3665
1995-06-01,539.3540909090909
1995-05-01,523.8136363636363
1995-04-01,507.90578947368414
1995-03-01,493.1534782608696
1995-02-01,481.92473684210523
1995-01-01,465.25
1994-12-01,455.18571428571425
1994-11-01,461.0133333333334
1994-10-01,463.8128571428571
1994-09-01,466.9557142857143
1994-08-01,464.2434782608696
1994-07-01,451.4005
1994-06-01,454.8259090909091
1994-05-01,450.8985714285715
1994-04-01,447.2321052631579
1994-03-01,463.80782608695654
1994-02-01,471.58000000000004
1994-01-01,472.99285714285713
1993-12-01,465.94545454545454
1993-11-01,462.89047619047625
1993-10-01,463.9004761904762
1993-09-01,459.2352380952381
1993-08-01,454.12772727272727
1993-07-01,447.2871428571429
1993-06-01,448.05954545454546
1993-05-01,445.2465
1993-04-01,443.077619047619
1993-03-01,450.15521739130435
1993-02-01,441.70421052631576
1993-01-01,435.229
1992-12-01,435.63954545454544
1992-11-01,422.84399999999994
1992-10-01,412.50272727272727
1992-09-01,418.4771428571429
1992-08-01,417.9266666666666
1992-07-01,415.0513636363636
1992-06-01,408.27409090909094
1992-05-01,414.81450000000007
1992-04-01,407.4066666666667
1992-03-01,407.36454545454546
1992-02-01,412.5573684210526
1992-01-01,416.0759090909091
1991-12-01,388.51047619047614
1991-11-01,385.9195
1991-10-01,386.88347826086954
1991-09-01,387.1985
1991-08-01,389.40318181818185
1991-07-01,380.22681818181815
1991-06-01,378.293
1991-05-01,377.9927272727273
1991-04-01,379.6790909090909
1991-03-01,372.279
1991-02-01,362.2631578947368
1991-01-01,325.48545454545456
1990-12-01,328.7495
1990-11-01,315.2909523809524
1990-10-01,307.1247826086956
1990-09-01,315.40684210526314
1990-08-01,330.74652173913046
1990-07-01,360.0309523809524
1990-06-01,360.38666666666666
1990-05-01,350.25
1990-04-01,338.178
1990-03-01,338.46500000000003
1990-02-01,330.4526315789474
1990-01-01,339.9718181818182
1989-12-01,348.568
1989-11-01,340.2190476190476
1989-10-01,347.3959090909091
1989-09-01,347.3295
1989-08-01,346.6078260869565
1989-07-01,331.9265
1989-06-01,323.7277272727273
1989-05-01,313.93
1989-04-01,302.25100000000003
1989-03-01,292.7131818181818
1989-02-01,294.01105263157893
1989-01-01,285.41333333333336
1988-12-01,276.5138095238095
1988-11-01,271.0242857142857
1988-10-01,277.3957142857143
1988-09-01,267.96999999999997
1988-08-01,263.7265217391304
1988-07-01,269.04949999999997
1988-06-01,270.6827272727273
1988-05-01,256.12380952380954
1988-04-01,262.6125
1988-03-01,265.73739130434785
1988-02-01,258.128
1988-01-01,250.4765
1987-12-01,240.955
1987-11-01,245.0085
1987-10-01,280.1640909090909
1987-09-01,318.6609523809524
1987-08-01,329.3580952380952
1987-07-01,310.0872727272727
1987-06-01,301.3840909090909
1987-05-01,289.1155
1987-04-01,289.32238095238097
1987-03-01,292.4713636363636
1987-02-01,280.9342105263158
1987-01-01,264.51142857142855
1986-12-01,248.60545454545453
1986-11-01,245.0926315789474
1986-10-01,237.35608695652172
1986-09-01,238.2690476190476
1986-08-01,245.0009523809524
1986-07-01,240.18
1986-06-01,245.2957142857143
1986-05-01,238.45904761904762
1986-04-01,237.96772727272727
1986-03-01,232.327
1986-02-01,219.3652631578947
1986-01-01,208.19409090909093
1985-12-01,207.25761904761904
1985-11-01,197.44549999999998
1985-10-01,186.18043478260867
1985-09-01,184.0605
1985-08-01,188.3063636363636
1985-07-01,192.54454545454544
1985-06-01,188.886
1985-05-01,184.89909090909092
1985-04-01,180.6185714285714
1985-03-01,179.42
1985-02-01,180.88473684210527
1985-01-01,171.61272727272728
1984-12-01,164.48
1984-11-01,166.27285714285713
1984-10-01,164.81869565217391
1984-09-01,166.11263157894737
1984-08-01,164.42086956521737
1984-07-01,151.07809523809524
1984-06-01,153.1247619047619
1984-05-01,156.55090909090907
1984-04-01,157.6015
1984-03-01,157.43863636363636
1984-02-01,157.25050000000002
1984-01-01,166.39238095238096
1983-12-01,164.3652380952381
1983-11-01,165.23
1983-10-01,167.6547619047619
1983-09-01,167.16142857142856
1983-08-01,162.4186956521739
1983-07-01,166.956
1983-06-01,166.39
1983-05-01,164.09666666666666
1983-04-01,157.7105
1983-03-01,151.87565217391304
1983-02-01,146.79526315789474
1983-01-01,144.2657142857143
1982-12-01,139.3659090909091
1982-11-01,138.10238095238097
1982-10-01,132.70761904761906
1982-09-01,122.43285714285715
1982-08-01,109.65045454545454
1982-07-01,109.37571428571428
1982-06-01,109.71
1982-05-01,116.3525
1982-04-01,116.30666666666667
1982-03-01,110.84217391304347
1982-02-01,114.49526315789473
1982-01-01,117.27650000000001
1981-12-01,123.7940909090909
1981-11-01,122.9195
1981-10-01,119.80681818181819
1981-09-01,118.2695238095238
1981-08-01,129.7152380952381
1981-07-01,129.12863636363636
1981-06-01,132.27772727272728
1981-05-01,131.727
1981-04-01,134.45904761904762
1981-03-01,133.185
1981-02-01,128.39526315789476
1981-01-01,132.96571428571428
1980-12-01,133.48318181818183
1980-11-01,135.65444444444447
1980-10-01,130.22173913043477
1980-09-01,126.51190476190476
1980-08-01,123.49666666666666
1980-07-01,119.83272727272728
1980-06-01,114.54666666666667
1980-05-01,107.69428571428571
1980-04-01,102.96666666666667
1980-03-01,104.68619047619048
1980-02-01,115.33900000000001
1980-01-01,110.91181818181818
1979-12-01,107.78699999999999
1979-11-01,103.66380952380953
1979-10-01,104.47304347826088
1979-09-01,108.59684210526316
1979-08-01,107.35608695652174
1979-07-01,102.71142857142857
1979-06-01,101.72761904761906
1979-05-01,99.72727272727273
1979-04-01,102.066
1979-03-01,100.11227272727274
1979-02-01,98.22947368421053
1979-01-01,99.70499999999998
1978-12-01,96.1075
1978-11-01,94.70952380952382
1978-10-01,100.58363636363637
1978-09-01,104.0135
1978-08-01,103.92173913043477
1978-07-01,97.1925
1978-06-01,97.66181818181818
1978-05-01,97.41454545454545
1978-04-01,92.7105
1978-03-01,88.81954545454545
1978-02-01,88.97526315789473
1978-01-01,90.25428571428571
1977-12-01,93.82047619047619
1977-11-01,94.28333333333333
1977-10-01,93.7395238095238
1977-09-01,96.23238095238096
1977-08-01,97.75
1977-07-01,100.17842105263158
1977-06-01,99.28590909090909
1977-05-01,98.76047619047618
1977-04-01,99.05
1977-03-01,100.57826086956523
1977-02-01,100.9557894736842
1977-01-01,103.81333333333333
1976-12-01,104.66090909090909
1976-11-01,101.1935
1976-10-01,101.88523809523811
1976-09-01,105.45333333333333
1976-08-01,103.29181818181819
1976-07-01,104.20095238095239
1976-06-01,101.76681818181818
1976-05-01,101.162
1976-04-01,101.92952380952381
1976-03-01,101.08347826086957
1976-02-01,100.63947368421053
1976-01-01,96.85952380952381
1975-12-01,88.70045454545455
1975-11-01,90.06526315789473
1975-10-01,88.57434782608696
1975-09-01,84.67238095238095
1975-08-01,85.71380952380953
1975-07-01,92.48727272727272
1975-06-01,92.39714285714285
1975-05-01,90.09619047619047
1975-04-01,84.72318181818183
1975-03-01,83.78200000000001
1975-02-01,80.09684210526315
1975-01-01,72.56409090909091
1974-12-01,67.07333333333334
1974-11-01,71.737
1974-10-01,69.44
1974-09-01,68.123
1974-08-01,76.02499999999999
1974-07-01,82.8190909090909
1974-06-01,89.7895
1974-05-01,89.66727272727273
1974-04-01,92.45619047619047
1974-03-01,97.43904761904761
1974-02-01,93.45315789473683
1974-01-01,96.11
1973-12-01,94.784
1973-11-01,102.03285714285714
1973-10-01,109.84434782608696
1973-09-01,105.65789473684211
1973-08-01,103.7995652173913
1973-07-01,105.83428571428571
1973-06-01,104.7547619047619
1973-05-01,107.21954545454545
1973-04-01,110.274
1973-03-01,112.41545454545454
1973-02-01,114.16421052631578
1973-01-01,118.42190476190477
1972-12-01,117.49736842105263
1972-11-01,115.047
1972-10-01,109.56272727272727
1972-09-01,109.39200000000001
1972-08-01,111.00739130434783
1972-07-01,107.2115
1972-06-01,108.01045454545455
1972-05-01,107.64545454545454
1972-04-01,108.80550000000001
1972-03-01,107.6691304347826
1972-02-01,105.24300000000001
1972-01-01,103.30285714285715
1971-12-01,99.17363636363638
1971-11-01,92.78285714285714
1971-10-01,97.29761904761905
1971-09-01,99.4047619047619
1971-08-01,97.24772727272726
1971-07-01,99.00333333333334
1971-06-01,99.72136363636363
1971-05-01,101.644
1971-04-01,103.04190476190476
1971-03-01,99.60347826086957
1971-02-01,97.11000000000001
1971-01-01,93.49600000000001
1970-12-01,90.05454545454546
1970-11-01,84.28450000000001
1970-10-01,84.37
1970-09-01,82.58380952380952
1970-08-01,77.91809523809523
1970-07-01,75.72227272727274
1970-06-01,75.58954545454546
1970-05-01,76.06142857142856
1970-04-01,85.95227272727273
1970-03-01,88.75190476190475
1970-02-01,87.16421052631578
1970-01-01,90.31
1969-12-01,91.11045454545454
1969-11-01,96.20526315789475
1969-10-01,95.53478260869566
1969-09-01,94.50619047619048
1969-08-01,94.18333333333332
1969-07-01,94.71190476190476
1969-06-01,99.11714285714285
1969-05-01,104.62190476190476
1969-04-01,101.26285714285714
1969-03-01,99.4095238095238
1969-02-01,101.4688888888889
1969-01-01,102.04318181818181
1968-12-01,106.47555555555556
1968-11-01,105.40058823529411
1968-10-01,103.78944444444444
1968-09-01,101.34
1968-08-01,98.11388888888888
1968-07-01,100.29529411764706
1968-06-01,100.5264705882353
1968-05-01,97.86545454545454
1968-04-01,95.671
1968-03-01,89.09285714285714
1968-02-01,90.75315789473684
1968-01-01,95.03772727272727
1967-12-01,95.3025
1967-11-01,92.66
1967-10-01,95.66363636363636
1967-09-01,95.809
1967-08-01,94.49391304347827
1967-07-01,93.014
1967-06-01,91.43363636363637
1967-05-01,92.59181818181818
1967-04-01,90.9595
1967-03-01,89.41772727272728
1967-02-01,87.35947368421053
1967-01-01,84.4504761904762
1966-12-01,81.32714285714285
1966-11-01,80.9945
1966-10-01,77.12904761904763
1966-09-01,77.81333333333333
1966-08-01,80.65086956521739
1966-07-01,85.8385
1966-06-01,86.06
1966-05-01,86.78190476190477
1966-04-01,91.5955
1966-03-01,88.87782608695652
1966-02-01,92.68894736842105
1966-01-01,93.31619047619047
1965-12-01,91.73681818181818
1965-11-01,92.146
1965-10-01,91.3947619047619
1965-09-01,89.37904761904763
1965-08-01,86.48727272727272
1965-07-01,84.90523809523809
1965-06-01,85.04454545454546
1965-05-01,89.2795
1965-04-01,87.96666666666667
1965-03-01,86.83391304347826
1965-02-01,86.74684210526316
1965-01-01,86.1165
1964-12-01,83.96
1964-11-01,85.43842105263157
1964-10-01,84.84863636363637
1964-09-01,83.40857142857142
1964-08-01,82.0
1964-07-01,83.22227272727274
1964-06-01,80.24272727272727
1964-05-01,80.7205
1964-04-01,79.93681818181818
1964-03-01,78.79904761904761
1964-02-01,77.39
1964-01-01,76.45227272727273
1963-12-01,74.17380952380952
1963-11-01,72.62388888888889
1963-10-01,73.03391304347826
1963-09-01,72.8495
1963-08-01,70.98045454545455
1963-07-01,69.07227272727272
1963-06-01,70.1085
1963-05-01,70.13863636363637
1963-04-01,68.75904761904762
1963-03-01,65.67285714285714
1963-02-01,65.92263157894736
1963-01-01,65.06227272727273
1962-12-01,62.6395
1962-11-01,60.043499999999995
1962-10-01,56.16826086956522
1962-09-01,57.997894736842106
1962-08-01,58.52304347826087
1962-07-01,56.96952380952381
1962-06-01,55.62857142857143
1962-05-01,62.99454545454546
1962-04-01,68.048
1962-03-01,70.29181818181819
1962-02-01,70.22157894736843
1962-01-01,69.06772727272727
1961-12-01,71.711
1961-11-01,71.0765
1961-10-01,67.99636363636364
1961-09-01,67.258
1961-08-01,67.80260869565218
1961-07-01,65.4385
1961-06-01,65.62045454545455
1961-05-01,66.49666666666667
1961-04-01,65.834
1961-03-01,64.11636363636363
1961-02-01,62.17263157894737
1961-01-01,59.715714285714284
1960-12-01,56.8
1960-11-01,55.470000000000006
1960-10-01,53.72904761904762
1960-09-01,54.805238095238096
1960-08-01,56.50521739130434
1960-07-01,55.839999999999996
1960-06-01,57.26318181818181
1960-05-01,55.21999999999999
1960-04-01,55.725
1960-03-01,55.01521739130435
1960-02-01,55.775
1960-01-01,58.028999999999996
1959-12-01,59.056363636363635
1959-11-01,57.23315789473685
1959-10-01,57.00181818181818
1959-09-01,57.05476190476191
1959-08-01,59.39857142857142
1959-07-01,59.7359090909091
1959-06-01,57.459090909090904
1959-05-01,57.95857142857143
1959-04-01,57.098636363636366
1959-03-01,56.148095238095244
1959-02-01,54.77368421052632
1959-01-01,55.61904761904762
1958-12-01,53.488571428571426
1958-11-01,52.501666666666665
1958-10-01,50.94521739130435
1958-09-01,48.959047619047624
1958-08-01,47.70238095238095
1958-07-01,45.975
1958-06-01,44.738571428571426
1958-05-01,43.70333333333333
1958-04-01,42.3447619047619
1958-03-01,42.10857142857143
1958-02-01,41.2615
1958-01-01,41.122727272727275
1957-12-01,40.325714285714284
1957-11-01,40.347368421052636
1957-10-01,41.23565217391304
1957-09-01,43.9845
1957-08-01,45.835
1957-07-01,48.51090909090909
1957-06-01,47.554
1957-05-01,46.77590909090909
1957-04-01,45.048095238095236
1957-03-01,44.03095238095238
1957-02-01,43.46631578947368
1957-01-01,45.425000000000004
1956-12-01,46.443684210526314
1956-11-01,45.7585
1956-10-01,46.243043478260866
1956-09-01,46.83894736842105
1956-08-01,48.49173913043478
1956-07-01,48.77809523809523
1956-06-01,46.26857142857143
1956-05-01,46.53727272727272
1956-04-01,48.051904761904765
1956-03-01,47.48714285714286
1956-02-01,44.43
1956-01-01,44.14523809523809
1955-12-01,45.36666666666667
1955-11-01,44.947
1955-10-01,42.11380952380952
1955-09-01,44.34142857142857
1955-08-01,42.43
1955-07-01,42.692
1955-06-01,39.783181818181816
1955-05-01,37.60285714285714
1955-04-01,37.760000000000005
1955-03-01,36.50086956521739
1955-02-01,36.79105263157894
1955-01-01,35.59619047619047
1954-12-01,34.96727272727273
1954-11-01,33.442
1954-10-01,32.17666666666667
1954-09-01,31.454761904761902
1954-08-01,30.729545454545452
1954-07-01,30.126666666666665
1954-06-01,28.96090909090909
1954-05-01,28.734500000000004
1954-04-01,27.627142857142854
1954-03-01,26.571739130434782
1954-02-01,26.023684210526316
1954-01-01,25.4615
1953-12-01,24.827272727272728
1953-11-01,24.500555555555554
1953-10-01,23.96666666666667
1953-09-01,23.316666666666666
1953-08-01,24.38952380952381
1953-07-01,24.29478260869565
1953-06-01,23.951818181818183
1953-05-01,24.84095238095238
1953-04-01,24.712380952380954
1953-03-01,25.99227272727273
1953-02-01,25.858888888888888
1953-01-01,26.18
1952-12-01,26.039545454545454
1952-11-01,25.029411764705884
1952-10-01,24.25590909090909
1952-09-01,24.78190476190476
1952-08-01,25.182380952380953
1952-07-01,25.079545454545453
1952-06-01,24.38095238095238
1952-05-01,23.729200000000002
1952-04-01,23.7444
1952-03-01,23.814230769230768
1952-02-01,23.745217391304347
1952-01-01,24.188846153846153
1951-12-01,23.4144
1951-11-01,22.71
1951-10-01,23.355384615384615
1951-09-01,23.48421052631579
1951-08-01,22.89217391304348
1951-07-01,21.93190476190476
1951-06-01,21.54619047619048
1951-05-01,21.930000000000003
1951-04-01,21.917599999999997
1951-03-01,21.62923076923077
1951-02-01,22.00090909090909
1951-01-01,21.20846153846154
1950-12-01,19.75
1950-11-01,19.825652173913046
1950-10-01,19.8692
1950-09-01,19.0845
1950-08-01,18.433043478260867
1950-07-01,17.384
1950-06-01,18.73681818181818
1950-05-01,18.44076923076923
1950-04-01,17.83791666666667
1950-03-01,17.353333333333335
1950-02-01,17.20590909090909
1950-01-01,16.878800000000002
1949-12-01,16.5436
1949-11-01,16.110434782608696
1949-10-01,15.886399999999998
1949-09-01,15.486666666666668
1949-08-01,15.287826086956523
1949-07-01,14.762
1949-06-01,13.966818181818182
1949-05-01,14.776666666666666
1949-04-01,14.8936
1949-03-01,14.911481481481482
1949-02-01,14.768636363636363
1949-01-01,15.3564
1948-12-01,15.191923076923077
1948-11-01,15.290869565217392
1948-10-01,16.1896
1948-09-01,15.757619047619048
1948-08-01,15.939545454545454
1948-07-01,16.42142857142857
1948-06-01,16.824545454545454
1948-05-01,16.1125
1948-04-01,15.400384615384617
1948-03-01,14.303461538461537
1948-02-01,14.099545454545455
1948-01-01,14.825999999999999
1947-12-01,15.031818181818181
1947-11-01,15.270588235294118
1947-10-01,15.449545454545454
1947-09-01,15.063333333333333
1947-08-01,15.456666666666665
1947-07-01,15.767727272727273
1947-06-01,14.847619047619048
1947-05-01,14.332380952380953
1947-04-01,14.60190476190476
1947-03-01,15.156190476190474
1947-02-01,15.780526315789473
1947-01-01,15.215909090909092
1946-12-01,15.120952380952382
1946-11-01,14.667777777777777
1946-10-01,14.749130434782609
1946-09-01,15.0935
1946-08-01,17.702727272727273
1946-07-01,18.053636363636365
1946-06-01,18.5805
1946-05-01,18.71227272727273
1946-04-01,18.65142857142857
1946-03-01,17.52190476190476
1946-02-01,17.984444444444446
1946-01-01,18.041363636363634
1945-12-01,17.319473684210525
1945-11-01,17.051052631578948
1945-10-01,16.496363636363636
1945-09-01,15.83578947368421
1945-08-01,14.825714285714284
1945-07-01,14.78142857142857
1945-06-01,15.086666666666666
1945-05-01,14.813636363636363
1945-04-01,14.265714285714285
1945-03-01,13.937142857142858
1945-02-01,13.946111111111112
1945-01-01,13.485454545454546
1944-12-01,13.084999999999999
1944-11-01,12.822
1944-10-01,12.895238095238096
1944-09-01,12.597
1944-08-01,12.82
1944-07-01,13.008000000000001
1944-06-01,12.67818181818182
1944-05-01,12.100909090909092
1944-04-01,11.878421052631579
1944-03-01,12.096086956521738
1944-02-01,11.7705
1944-01-01,11.848095238095238
1943-12-01,11.480434782608697
1943-11-01,11.332105263157894
1943-10-01,11.869
1943-09-01,11.986190476190476
1943-08-01,11.739090909090908
1943-07-01,12.359523809523811
1943-06-01,12.085
1943-05-01,11.894
1943-04-01,11.450952380952382
1943-03-01,11.065217391304348
1943-02-01,10.678333333333335
1943-01-01,10.089
1942-12-01,9.518181818181818
1942-11-01,9.45722222222222
1942-10-01,9.313809523809525
1942-09-01,8.682857142857143
1942-08-01,8.59047619047619
1942-07-01,8.635652173913044
1942-06-01,8.325000000000001
1942-05-01,7.929047619047618
1942-04-01,7.835238095238095
1942-03-01,8.18909090909091
1942-02-01,8.65388888888889
1942-01-01,8.935714285714287
1941-12-01,8.756818181818183
1941-11-01,9.367058823529412
1941-10-01,9.810454545454546
1941-09-01,10.244761904761905
1941-08-01,10.216190476190476
1941-07-01,10.271363636363636
1941-06-01,9.75952380952381
1941-05-01,9.42904761904762
1941-04-01,9.640952380952381
1941-03-01,9.955714285714285
1941-02-01,9.882105263157895
1941-01-01,10.538636363636364
1940-12-01,10.5348
1940-11-01,10.98304347826087
1940-10-01,10.730384615384615
1940-09-01,10.630833333333333
1940-08-01,10.19814814814815
1940-07-01,9.992307692307692
1940-06-01,9.6712
1940-05-01,10.57846153846154
1940-04-01,12.266538461538461
1940-03-01,12.145999999999999
1940-02-01,12.22
1940-01-01,12.3
1939-12-01,12.365599999999999
1939-11-01,12.668260869565218
1939-10-01,12.895199999999999
1939-09-01,12.7744
1939-08-01,11.53962962962963
1939-07-01,11.706
1939-06-01,11.431923076923077
1939-05-01,11.231538461538461
1939-04-01,10.83
1939-03-01,12.385555555555554
1939-02-01,12.400454545454545
1939-01-01,12.5012
1938-12-01,12.68923076923077
1938-11-01,13.067391304347826
1938-10-01,13.0572
1938-09-01,11.7524
1938-08-01,12.305185185185186
1938-07-01,12.242799999999999
1938-06-01,10.212307692307691
1938-05-01,9.9788
1938-04-01,9.889199999999999
1938-03-01,10.311481481481483
1938-02-01,11.035
1938-01-01,11.308399999999999
1937-12-01,11.016538461538461
1937-11-01,11.199565217391303
1937-10-01,12.2844
1937-09-01,14.368
1937-08-01,16.735
1937-07-01,16.5676
1937-06-01,15.64576923076923
1937-05-01,16.252083333333335
1937-04-01,17.013461538461538
1937-03-01,18.09346153846154
1937-02-01,18.10727272727273
1937-01-01,17.5884
1936-12-01,17.0628
1936-11-01,17.35590909090909
1936-10-01,16.89076923076923
1936-09-01,16.054000000000002
1936-08-01,15.870000000000001
1936-07-01,15.556538461538462
1936-06-01,14.694230769230769
1936-05-01,14.0876
1936-04-01,14.8828
1936-03-01,14.857692307692307
1936-02-01,14.553478260869566
1936-01-01,13.758076923076922
1935-12-01,13.042
1935-11-01,13.042608695652175
1935-10-01,11.916153846153845
1935-09-01,11.606250000000001
1935-08-01,11.374444444444444
1935-07-01,10.653461538461539
1935-06-01,10.1176
1935-05-01,9.753461538461538
1935-04-01,9.0388
1935-03-01,8.409230769230769
1935-02-01,8.979545454545455
1935-01-01,9.25923076923077
1934-12-01,9.2608
1934-11-01,9.204347826086956
1934-10-01,8.954230769230769
1934-09-01,8.875
1934-08-01,9.095555555555555
1934-07-01,9.4656
1934-06-01,9.936538461538463
1934-05-01,9.811153846153847
1934-04-01,10.9156
1934-03-01,10.727692307692308
1934-02-01,11.321363636363635
1934-01-01,10.542307692307693
1933-12-01,9.9696
1933-11-01,9.775416666666667
1933-10-01,9.5476
1933-09-01,10.580833333333333
1933-08-01,10.671304347826087
1933-07-01,11.231250000000001
1933-06-01,10.391923076923076
1933-05-01,8.87346153846154
1933-04-01,6.890000000000001
1933-03-01,6.225
1933-02-01,6.245454545454546
1933-01-01,7.089166666666667
1932-12-01,6.820384615384616
1932-11-01,7.045833333333333
1932-10-01,7.1208
1932-09-01,8.2596
1932-08-01,7.532962962962962
1932-07-01,5.008333333333334
1932-06-01,4.766153846153847
1932-05-01,5.5116
1932-04-01,6.279615384615385
1932-03-01,8.256538461538462
1932-02-01,8.227391304347826
1932-01-01,8.3
1931-12-01,8.4404
1931-11-01,10.390434782608695
1931-10-01,10.248461538461537
1931-09-01,11.8275
1931-08-01,13.899615384615384
1931-07-01,14.328846153846154
1931-06-01,13.873846153846156
1931-05-01,14.328800000000001
1931-04-01,15.856
1931-03-01,17.526923076923076
1931-02-01,17.203181818181818
1931-01-01,15.98076923076923
1930-12-01,15.514615384615384
1930-11-01,16.61695652173913
1930-10-01,17.920384615384616
1930-09-01,20.7716
1930-08-01,20.7936
1930-07-01,21.0644
1930-06-01,21.5204
1930-05-01,23.9396
1930-04-01,25.459999999999997
1930-03-01,23.943846153846152
1930-02-01,23.06681818181818
1930-01-01,21.703461538461536
1929-12-01,21.402399999999997
1929-11-01,20.581764705882353
1929-10-01,27.989615384615384
1929-09-01,31.304583333333337
1929-08-01,30.101923076923075
1929-07-01,28.48076923076923
1929-06-01,26.1452
1929-05-01,25.661923076923078
1929-04-01,25.278846153846153
1929-03-01,25.434583333333332
1929-02-01,24.986
1929-01-01,24.86076923076923
1928-12-01,23.1496
1928-11-01,23.056956521739128
1928-10-01,21.604615384615386
1928-09-01,21.167916666666667
1928-08-01,19.782222222222224
1928-07-01,19.1628
1928-06-01,19.016538461538463
1928-05-01,20.00409090909091
1928-04-01,19.39818181818182
1928-03-01,18.246666666666666
1928-02-01,17.317391304347826
1928-01-01,17.526
