Date,S&P 500,GDP,Cons. Sent.,US Big Mac
1871-01-01,105.76,,,
1871-02-01,104.02,,,
1871-03-01,105.01,,,
1871-04-01,112.01,,,
1871-05-01,117.56,,,
1871-06-01,118.43,,,
1871-07-01,116.22,,,
1871-08-01,119.57,,,
1871-09-01,117.94,,,
1871-10-01,110.13,,,
1871-11-01,111.33,,,
1871-12-01,111.22,,,
1872-01-01,114.03,,,
1872-02-01,114.5,,,
1872-03-01,116.5,,,
1872-04-01,117.1,,,
1872-05-01,117.1,,,
1872-06-01,116.86,,,
1872-07-01,117.89,,,
1872-08-01,115.6,,,
1872-09-01,112.76,,,
1872-10-01,115.7,,,
1872-11-01,111.9,,,
1872-12-01,116.29,,,
1873-01-01,117.21,,,
1873-02-01,115.54,,,
1873-03-01,114.64,,,
1873-04-01,113.07,,,
1873-05-01,115.83,,,
1873-06-01,117.68,,,
1873-07-01,117.45,,,
1873-08-01,117.45,,,
1873-09-01,108.47,,,
1873-10-01,101.35,,,
1873-11-01,100.85,,,
1873-12-01,107.71,,,
1874-01-01,111.81,,,
1874-02-01,115.17,,,
1874-03-01,113.49,,,
1874-04-01,112.09,,,
1874-05-01,110.07,,,
1874-06-01,112.18,,,
1874-07-01,111.33,,,
1874-08-01,112.43,,,
1874-09-01,114.2,,,
1874-10-01,115.81,,,
1874-11-01,117.85,,,
1874-12-01,117.07,,,
1875-01-01,117.07,,,
1875-02-01,116.81,,,
1875-03-01,118.36,,,
1875-04-01,118.88,,,
1875-05-01,117.2,,,
1875-06-01,116.8,,,
1875-07-01,117.07,,,
1875-08-01,116.56,,,
1875-09-01,116.54,,,
1875-10-01,114.67,,,
1875-11-01,117.49,,,
1875-12-01,118.56,,,
1876-01-01,122.01,,,
1876-02-01,123.65,,,
1876-03-01,123.37,,,
1876-04-01,119.83,,,
1876-05-01,119.64,,,
1876-06-01,122.08,,,
1876-07-01,120.61,,,
1876-08-01,114.58,,,
1876-09-01,106.54,,,
1876-10-01,104.04,,,
1876-11-01,101.18,,,
1876-12-01,98.84,,,
1877-01-01,96.31,,,
1877-02-01,93.0,,,
1877-03-01,92.42,,,
1877-04-01,83.34,,,
1877-05-01,81.86,,,
1877-06-01,80.31,,,
1877-07-01,83.09,,,
1877-08-01,92.37,,,
1877-09-01,99.14,,,
1877-10-01,101.28,,,
1877-11-01,101.74,,,
1877-12-01,101.43,,,
1878-01-01,104.51,,,
1878-02-01,103.38,,,
1878-03-01,107.57,,,
1878-04-01,111.68,,,
1878-05-01,115.81,,,
1878-06-01,120.92,,,
1878-07-01,121.95,,,
1878-08-01,119.62,,,
1878-09-01,122.05,,,
1878-10-01,121.95,,,
1878-11-01,123.05,,,
1878-12-01,125.18,,,
1879-01-01,128.33,,,
1879-02-01,131.56,,,
1879-03-01,130.84,,,
1879-04-01,136.79,,,
1879-05-01,142.96,,,
1879-06-01,145.29,,,
1879-07-01,146.59,,,
1879-08-01,147.68,,,
1879-09-01,147.88,,,
1879-10-01,155.38,,,
1879-11-01,155.34,,,
1879-12-01,150.55,,,
1880-01-01,151.82,,,
1880-02-01,154.49,,,
1880-03-01,155.91,,,
1880-04-01,158.5,,,
1880-05-01,150.29,,,
1880-06-01,154.03,,,
1880-07-01,161.11,,,
1880-08-01,166.89,,,
1880-09-01,164.96,,,
1880-10-01,169.74,,,
1880-11-01,176.76,,,
1880-12-01,182.27,,,
1881-01-01,195.04,,,
1881-02-01,192.57,,,
1881-03-01,194.75,,,
1881-04-01,192.11,,,
1881-05-01,202.87,,,
1881-06-01,205.36,,,
1881-07-01,196.12,,,
1881-08-01,187.78,,,
1881-09-01,182.22,,,
1881-10-01,177.57,,,
1881-11-01,180.48,,,
1881-12-01,175.23,,,
1882-01-01,172.6,,,
1882-02-01,167.17,,,
1882-03-01,166.88,,,
1882-04-01,165.43,,,
1882-05-01,161.87,,,
1882-06-01,159.65,,,
1882-07-01,170.09,,,
1882-08-01,173.7,,,
1882-09-01,180.16,,,
1882-10-01,176.98,,,
1882-11-01,170.91,,,
1882-12-01,173.51,,,
1883-01-01,172.62,,,
1883-02-01,167.08,,,
1883-03-01,170.84,,,
1883-04-01,175.99,,,
1883-05-01,174.75,,,
1883-06-01,181.64,,,
1883-07-01,182.48,,,
1883-08-01,174.2,,,
1883-09-01,177.83,,,
1883-10-01,173.0,,,
1883-11-01,177.5,,,
1883-12-01,171.72,,,
1884-01-01,166.57,,,
1884-02-01,171.07,,,
1884-03-01,170.43,,,
1884-04-01,166.13,,,
1884-05-01,155.95,,,
1884-06-01,149.58,,,
1884-07-01,151.29,,,
1884-08-01,160.79,,,
1884-09-01,157.32,,,
1884-10-01,153.95,,,
1884-11-01,154.26,,,
1884-12-01,155.57,,,
1885-01-01,151.99,,,
1885-02-01,154.96,,,
1885-03-01,158.93,,,
1885-04-01,156.65,,,
1885-05-01,158.49,,,
1885-06-01,161.55,,,
1885-07-01,165.68,,,
1885-08-01,174.96,,,
1885-09-01,174.7,,,
1885-10-01,184.85,,,
1885-11-01,194.65,,,
1885-12-01,188.68,,,
1886-01-01,193.17,,,
1886-02-01,196.88,,,
1886-03-01,194.99,,,
1886-04-01,194.83,,,
1886-05-01,195.79,,,
1886-06-01,207.21,,,
1886-07-01,207.88,,,
1886-08-01,206.73,,,
1886-09-01,212.12,,,
1886-10-01,217.51,,,
1886-11-01,222.89,,,
1886-12-01,214.62,,,
1887-01-01,207.28,,,
1887-02-01,203.25,,,
1887-03-01,208.02,,,
1887-04-01,212.79,,,
1887-05-01,216.46,,,
1887-06-01,212.85,,,
1887-07-01,210.02,,,
1887-08-01,202.45,,,
1887-09-01,202.13,,,
1887-10-01,193.17,,,
1887-11-01,194.45,,,
1887-12-01,188.91,,,
1888-01-01,188.3,,,
1888-02-01,189.27,,,
1888-03-01,182.1,,,
1888-04-01,185.05,,,
1888-05-01,189.68,,,
1888-06-01,186.11,,,
1888-07-01,188.58,,,
1888-08-01,192.61,,,
1888-09-01,197.38,,,
1888-10-01,194.12,,,
1888-11-01,187.84,,,
1888-12-01,184.25,,,
1889-01-01,194.65,,,
1889-02-01,199.12,,,
1889-03-01,197.49,,,
1889-04-01,197.11,,,
1889-05-01,207.49,,,
1889-06-01,211.0,,,
1889-07-01,206.71,,,
1889-08-01,209.44,,,
1889-09-01,211.73,,,
1889-10-01,207.88,,,
1889-11-01,205.96,,,
1889-12-01,202.44,,,
1890-01-01,209.83,,,
1890-02-01,207.49,,,
1890-03-01,205.93,,,
1890-04-01,210.22,,,
1890-05-01,216.35,,,
1890-06-01,214.81,,,
1890-07-01,213.27,,,
1890-08-01,200.97,,,
1890-09-01,195.18,,,
1890-10-01,186.38,,,
1890-11-01,176.96,,,
1890-12-01,172.82,,,
1891-01-01,184.17,,,
1891-02-01,184.1,,,
1891-03-01,178.68,,,
1891-04-01,182.34,,,
1891-05-01,183.88,,,
1891-06-01,184.55,,,
1891-07-01,183.63,,,
1891-08-01,189.79,,,
1891-09-01,207.88,,,
1891-10-01,207.88,,,
1891-11-01,207.21,,,
1891-12-01,213.53,,,
1892-01-01,223.11,,,
1892-02-01,223.52,,,
1892-03-01,231.96,,,
1892-04-01,234.83,,,
1892-05-01,234.83,,,
1892-06-01,233.57,,,
1892-07-01,227.43,,,
1892-08-01,227.57,,,
1892-09-01,221.9,,,
1892-10-01,226.35,,,
1892-11-01,219.84,,,
1892-12-01,214.9,,,
1893-01-01,210.77,,,
1893-02-01,204.68,,,
1893-03-01,202.06,,,
1893-04-01,204.42,,,
1893-05-01,188.77,,,
1893-06-01,184.4,,,
1893-07-01,171.6,,,
1893-08-01,174.24,,,
1893-09-01,179.4,,,
1893-10-01,182.22,,,
1893-11-01,189.97,,,
1893-12-01,185.93,,,
1894-01-01,187.18,,,
1894-02-01,192.31,,,
1894-03-01,203.74,,,
1894-04-01,206.46,,,
1894-05-01,198.78,,,
1894-06-01,196.06,,,
1894-07-01,192.0,,,
1894-08-01,193.63,,,
1894-09-01,194.12,,,
1894-10-01,193.42,,,
1894-11-01,193.42,,,
1894-12-01,194.26,,,
1895-01-01,192.0,,,
1895-02-01,189.29,,,
1895-03-01,189.29,,,
1895-04-01,189.35,,,
1895-05-01,196.88,,,
1895-06-01,198.15,,,
1895-07-01,201.57,,,
1895-08-01,207.55,,,
1895-09-01,208.85,,,
1895-10-01,205.82,,,
1895-11-01,198.88,,,
1895-12-01,189.68,,,
1896-01-01,190.3,,,
1896-02-01,201.03,,,
1896-03-01,197.87,,,
1896-04-01,202.77,,,
1896-05-01,205.02,,,
1896-06-01,204.17,,,
1896-07-01,190.94,,,
1896-08-01,180.07,,,
1896-09-01,189.52,,,
1896-10-01,188.09,,,
1896-11-01,195.2,,,
1896-12-01,188.07,,,
1897-01-01,193.59,,,
1897-02-01,191.76,,,
1897-03-01,192.21,,,
1897-04-01,189.17,,,
1897-05-01,192.83,,,
1897-06-01,201.81,,,
1897-07-01,210.79,,,
1897-08-01,214.59,,,
1897-09-01,218.65,,,
1897-10-01,214.81,,,
1897-11-01,207.23,,,
1897-12-01,211.69,,,
1898-01-01,217.48,,,
1898-02-01,213.82,,,
1898-03-01,204.17,,,
1898-04-01,200.65,,,
1898-05-01,199.92,,,
1898-06-01,222.17,,,
1898-07-01,226.39,,,
1898-08-01,234.86,,,
1898-09-01,234.42,,,
1898-10-01,229.51,,,
1898-11-01,237.09,,,
1898-12-01,248.07,,,
1899-01-01,266.95,,,
1899-02-01,269.48,,,
1899-03-01,273.32,,,
1899-04-01,273.2,,,
1899-05-01,261.82,,,
1899-06-01,252.33,,,
1899-07-01,257.81,,,
1899-08-01,260.77,,,
1899-09-01,248.45,,,
1899-10-01,244.07,,,
1899-11-01,245.82,,,
1899-12-01,226.18,,,
1900-01-01,229.18,,,
1900-02-01,230.69,,,
1900-03-01,232.54,,,
1900-04-01,235.51,,,
1900-05-01,229.84,,,
1900-06-01,225.59,,,
1900-07-01,222.99,,,
1900-08-01,228.67,,,
1900-09-01,220.7,,,
1900-10-01,231.36,,,
1900-11-01,249.46,,,
1900-12-01,267.95,,,
1901-01-01,272.17,,,
1901-02-01,282.77,,,
1901-03-01,292.91,,,
1901-04-01,321.28,,,
1901-05-01,305.1,,,
1901-06-01,335.49,,,
1901-07-01,309.29,,,
1901-08-01,309.51,,,
1901-09-01,304.42,,,
1901-10-01,300.99,,,
1901-11-01,303.57,,,
1901-12-01,295.32,,,
1902-01-01,305.07,,,
1902-02-01,307.7,,,
1902-03-01,308.08,,,
1902-04-01,315.01,,,
1902-05-01,310.38,,,
1902-06-01,305.15,,,
1902-07-01,312.05,,,
1902-08-01,323.96,,,
1902-09-01,321.12,,,
1902-10-01,290.7,,,
1902-11-01,288.75,,,
1902-12-01,279.12,,,
1903-01-01,289.95,,,
1903-02-01,288.24,,,
1903-03-01,286.52,,,
1903-04-01,274.82,,,
1903-05-01,275.76,,,
1903-06-01,260.52,,,
1903-07-01,248.55,,,
1903-08-01,240.57,,,
1903-09-01,231.93,,,
1903-10-01,227.14,,,
1903-11-01,230.4,,,
1903-12-01,241.04,,,
1904-01-01,239.45,,,
1904-02-01,227.77,,,
1904-03-01,229.79,,,
1904-04-01,238.02,,,
1904-05-01,238.47,,,
1904-06-01,238.84,,,
1904-07-01,248.75,,,
1904-08-01,254.36,,,
1904-09-01,262.4,,,
1904-10-01,277.81,,,
1904-11-01,286.3,,,
1904-12-01,289.1,,,
1905-01-01,295.41,,,
1905-02-01,308.37,,,
1905-03-01,320.92,,,
1905-04-01,317.02,,,
1905-05-01,304.69,,,
1905-06-01,308.28,,,
1905-07-01,317.96,,,
1905-08-01,326.24,,,
1905-09-01,330.86,,,
1905-10-01,335.52,,,
1905-11-01,330.14,,,
1905-12-01,334.3,,,
1906-01-01,345.87,,,
1906-02-01,343.41,,,
1906-03-01,335.0,,,
1906-04-01,330.45,,,
1906-05-01,318.31,,,
1906-06-01,322.47,,,
1906-07-01,324.77,,,
1906-08-01,340.96,,,
1906-09-01,347.78,,,
1906-10-01,330.05,,,
1906-11-01,333.03,,,
1906-12-01,326.69,,,
1907-01-01,320.62,,,
1907-02-01,304.03,,,
1907-03-01,277.22,,,
1907-04-01,278.55,,,
1907-05-01,263.32,,,
1907-06-01,252.11,,,
1907-07-01,261.76,,,
1907-08-01,242.14,,,
1907-09-01,239.57,,,
1907-10-01,211.46,,,
1907-11-01,207.5,,,
1907-12-01,222.86,,,
1908-01-01,234.77,,,
1908-02-01,228.85,,,
1908-03-01,238.21,,,
1908-04-01,248.14,,,
1908-05-01,261.51,,,
1908-06-01,261.85,,,
1908-07-01,268.65,,,
1908-08-01,280.19,,,
1908-09-01,277.13,,,
1908-10-01,277.36,,,
1908-11-01,293.16,,,
1908-12-01,296.48,,,
1909-01-01,300.79,,,
1909-02-01,288.93,,,
1909-03-01,292.87,,,
1909-04-01,299.7,,,
1909-05-01,306.68,,,
1909-06-01,308.78,,,
1909-07-01,313.19,,,
1909-08-01,317.72,,,
1909-09-01,314.72,,,
1909-10-01,309.83,,,
1909-11-01,305.2,,,
1909-12-01,306.02,,,
1910-01-01,302.2,,,
1910-02-01,291.41,,,
1910-03-01,292.98,,,
1910-04-01,283.4,,,
1910-05-01,284.03,,,
1910-06-01,272.82,,,
1910-07-01,259.03,,,
1910-08-01,268.04,,,
1910-09-01,272.63,,,
1910-10-01,293.66,,,
1910-11-01,299.38,,,
1910-12-01,291.02,,,
1911-01-01,298.09,,,
1911-02-01,313.08,,,
1911-03-01,306.0,,,
1911-04-01,314.79,,,
1911-05-01,321.57,,,
1911-06-01,328.02,,,
1911-07-01,322.97,,,
1911-08-01,298.11,,,
1911-09-01,278.8,,,
1911-10-01,280.41,,,
1911-11-01,294.86,,,
1911-12-01,299.11,,,
1912-01-01,296.48,,,
1912-02-01,290.7,,,
1912-03-01,293.03,,,
1912-04-01,293.44,,,
1912-05-01,293.14,,,
1912-06-01,295.88,,,
1912-07-01,296.19,,,
1912-08-01,300.17,,,
1912-09-01,298.63,,,
1912-10-01,298.02,,,
1912-11-01,294.69,,,
1912-12-01,287.02,,,
1913-01-01,281.66,,,
1913-02-01,271.67,,,
1913-03-01,266.52,,,
1913-04-01,266.22,,,
1913-05-01,261.62,,,
1913-06-01,245.93,,,
1913-07-01,246.74,,,
1913-08-01,253.34,,,
1913-09-01,253.18,,,
1913-10-01,245.16,,,
1913-11-01,236.56,,,
1913-12-01,238.63,,,
1914-01-01,248.43,,,
1914-02-01,254.24,,,
1914-03-01,249.44,,,
1914-04-01,245.93,,,
1914-05-01,244.94,,,
1914-06-01,243.74,,,
1914-07-01,227.95,,,
1914-08-01,223.48,,,
1914-09-01,223.48,,,
1914-10-01,225.69,,,
1914-11-01,223.48,,,
1914-12-01,215.99,,,
1915-01-01,219.81,,,
1915-02-01,219.04,,,
1915-03-01,226.95,,,
1915-04-01,241.6,,,
1915-05-01,233.63,,,
1915-06-01,236.27,,,
1915-07-01,235.39,,,
1915-08-01,245.38,,,
1915-09-01,254.49,,,
1915-10-01,265.96,,,
1915-11-01,272.6,,,
1915-12-01,273.18,,,
1916-01-01,266.27,,,
1916-02-01,262.56,,,
1916-03-01,259.21,,,
1916-04-01,253.97,,,
1916-05-01,257.14,,,
1916-06-01,257.23,,,
1916-07-01,253.66,,,
1916-08-01,253.24,,,
1916-09-01,258.84,,,
1916-10-01,262.14,,,
1916-11-01,263.51,,,
1916-12-01,250.75,,,
1917-01-01,242.77,,,
1917-02-01,223.35,,,
1917-03-01,230.27,,,
1917-04-01,216.01,,,
1917-05-01,205.45,,,
1917-06-01,206.4,,,
1917-07-01,203.82,,,
1917-08-01,194.75,,,
1917-09-01,181.21,,,
1917-10-01,168.85,,,
1917-11-01,154.78,,,
1917-12-01,147.32,,,
1918-01-01,152.86,,,
1918-02-01,156.4,,,
1918-03-01,154.34,,,
1918-04-01,150.7,,,
1918-05-01,152.29,,,
1918-06-01,150.42,,,
1918-07-01,147.62,,,
1918-08-01,146.09,,,
1918-09-01,142.54,,,
1918-10-01,145.81,,,
1918-11-01,146.77,,,
1918-12-01,142.11,,,
1919-01-01,141.21,,,
1919-02-01,144.37,,,
1919-03-01,146.96,,,
1919-04-01,149.11,,,
1919-05-01,157.54,,,
1919-06-01,161.75,,,
1919-07-01,162.22,,,
1919-08-01,148.74,,,
1919-09-01,150.24,,,
1919-10-01,155.29,,,
1919-11-01,147.44,,,
1919-12-01,140.08,,,
1920-01-01,135.79,,,
1920-02-01,123.29,,,
1920-03-01,130.63,,,
1920-04-01,125.74,,,
1920-05-01,116.13,,,
1920-06-01,112.47,,,
1920-07-01,112.87,,,
1920-08-01,111.12,,,
1920-09-01,116.79,,,
1920-10-01,117.53,,,
1920-11-01,112.13,,,
1920-12-01,104.19,,,
1921-01-01,111.07,,,
1921-02-01,113.88,,,
1921-03-01,111.59,,,
1921-04-01,113.31,,,
1921-05-01,119.39,,,
1921-06-01,110.46,,,
1921-07-01,109.5,,,
1921-08-01,108.16,,,
1921-09-01,112.11,,,
1921-10-01,113.64,,,
1921-11-01,120.43,,,
1921-12-01,125.41,,,
1922-01-01,128.21,,,
1922-02-01,131.02,,,
1922-03-01,137.56,,,
1922-04-01,145.92,,,
1922-05-01,151.6,,,
1922-06-01,150.18,,,
1922-07-01,150.35,,,
1922-08-01,157.88,,,
1922-09-01,161.99,,,
1922-10-01,164.58,,,
1922-11-01,155.47,,,
1922-12-01,154.2,,,
1923-01-01,157.24,,,
1923-02-01,163.95,,,
1923-03-01,166.6,,,
1923-04-01,159.82,,,
1923-05-01,152.27,,,
1923-06-01,145.61,,,
1923-07-01,139.09,,,
1923-08-01,140.59,,,
1923-09-01,140.64,,,
1923-10-01,137.77,,,
1923-11-01,141.88,,,
1923-12-01,146.69,,,
1924-01-01,151.49,,,
1924-02-01,153.06,,,
1924-03-01,151.01,,,
1924-04-01,148.4,,,
1924-05-01,147.88,,,
1924-06-01,150.67,,,
1924-07-01,156.74,,,
1924-08-01,163.07,,,
1924-09-01,160.55,,,
1924-10-01,157.55,,,
1924-11-01,166.35,,,
1924-12-01,174.31,,,
1925-01-01,181.52,,,
1925-02-01,184.12,,,
1925-03-01,178.26,,,
1925-04-01,177.39,,,
1925-05-01,182.03,,,
1925-06-01,183.17,,,
1925-07-01,186.13,,,
1925-08-01,188.65,,,
1925-09-01,193.01,,,
1925-10-01,199.38,,,
1925-11-01,202.16,,,
1925-12-01,206.6,,,
1926-01-01,209.76,,,
1926-02-01,210.09,,,
1926-03-01,196.93,,,
1926-04-01,190.36,,,
1926-05-01,192.76,,,
1926-06-01,203.07,,,
1926-07-01,214.04,,,
1926-08-01,223.8,,,
1926-09-01,225.91,,,
1926-10-01,219.57,,,
1926-11-01,221.18,,,
1926-12-01,226.21,,,
1927-01-01,227.27,,,
1927-02-01,233.01,,,
1927-03-01,237.96,,,
1927-04-01,243.79,,,
1927-05-01,250.75,,,
1927-06-01,251.11,,,
1927-07-01,261.12,,,
1927-08-01,276.62,,,
1927-09-01,290.63,,,
1927-10-01,284.53,,,
1927-11-01,292.69,,,
1927-12-01,299.55,,,
1928-01-01,300.75,,,
1928-02-01,300.63,,,
1928-03-01,316.77,,,
1928-04-01,336.73,,,
1928-05-01,345.13,,,
1928-06-01,330.13,,,
1928-07-01,332.56,,,
1928-08-01,343.33,,,
1928-09-01,363.2,,,
1928-10-01,372.74,,,
1928-11-01,397.93,,,
1928-12-01,401.82,,,
1929-01-01,431.5,,,
1929-02-01,433.76,,,
1929-03-01,443.99,,,
1929-04-01,443.98,,,
1929-05-01,448.01,,,
1929-06-01,453.89,,,
1929-07-01,488.62,,,
1929-08-01,516.41,,,
1929-09-01,537.0,,,
1929-10-01,480.21,,,
1929-11-01,353.08,,,
1929-12-01,369.28,,,
1930-01-01,376.82,,,
1930-02-01,402.79,,,
1930-03-01,420.45,,,
1930-04-01,444.51,,,
1930-05-01,420.45,,,
1930-06-01,380.2,,,
1930-07-01,376.55,,,
1930-08-01,373.98,,,
1930-09-01,371.55,,,
1930-10-01,322.35,,,
1930-11-01,300.79,,,
1930-12-01,285.93,,,
1931-01-01,298.3,,,
1931-02-01,325.17,,,
1931-03-01,333.53,,,
1931-04-01,303.7,,,
1931-05-01,277.99,,,
1931-06-01,272.63,,,
1931-07-01,281.67,,,
1931-08-01,273.22,,,
1931-09-01,234.08,,,
1931-10-01,204.18,,,
1931-11-01,209.78,,,
1931-12-01,171.58,,,
1932-01-01,172.27,,,
1932-02-01,173.24,,,
1932-03-01,175.12,,,
1932-04-01,134.1,,,
1932-05-01,119.37,,,
1932-06-01,104.1,,,
1932-07-01,109.34,,,
1932-08-01,165.55,,,
1932-09-01,182.96,,,
1932-10-01,158.89,,,
1932-11-01,158.52,,,
1932-12-01,154.52,,,
1933-01-01,163.13,,,
1933-02-01,146.07,,,
1933-03-01,146.76,,,
1933-04-01,162.3,,,
1933-05-01,208.94,,,
1933-06-01,242.82,,,
1933-07-01,254.44,,,
1933-08-01,239.92,,,
1933-09-01,237.9,,,
1933-10-01,214.74,,,
1933-11-01,219.91,,,
1933-12-01,224.18,,,
1934-01-01,237.0,,,
1934-02-01,252.62,,,
1934-03-01,239.68,,,
1934-04-01,243.69,,,
1934-05-01,218.92,,,
1934-06-01,220.17,,,
1934-07-01,209.76,,,
1934-08-01,201.56,,,
1934-09-01,193.8,,,
1934-10-01,196.77,,,
1934-11-01,202.27,,,
1934-12-01,205.11,,,
1935-01-01,202.09,,,
1935-02-01,194.55,,,
1935-03-01,182.2,,,
1935-04-01,194.43,,,
1935-05-01,209.7,,,
1935-06-01,219.25,,,
1935-07-01,230.73,,,
1935-08-01,246.33,,,
1935-09-01,251.53,,,
1935-10-01,258.24,,,
1935-11-01,280.46,,,
1935-12-01,280.46,,,
1936-01-01,295.95,,,
1936-02-01,312.94,,,
1936-03-01,321.94,,,
1936-04-01,322.37,,,
1936-05-01,305.26,,,
1936-06-01,315.95,,,
1936-07-01,332.25,,,
1936-08-01,336.45,,,
1936-09-01,340.27,,,
1936-10-01,358.08,,,
1936-11-01,368.04,,,
1936-12-01,361.68,,,
1937-01-01,370.27,,,
1937-02-01,381.22,,,
1937-03-01,378.12,,,
1937-04-01,353.06,,,
1937-05-01,334.94,,,
1937-06-01,322.37,,,
1937-07-01,339.18,,,
1937-08-01,342.66,,,
1937-09-01,292.13,,,
1937-10-01,249.64,,,
1937-11-01,229.26,,,
1937-12-01,227.14,,,
1938-01-01,236.4,,,
1938-02-01,232.39,,,
1938-03-01,217.03,,,
1938-04-01,206.72,,,
1938-05-01,210.08,,,
1938-06-01,214.92,,,
1938-07-01,257.65,,,
1938-08-01,259.13,,,
1938-09-01,247.34,,,
1938-10-01,276.88,,,
1938-11-01,277.09,,,
1938-12-01,269.04,,,
1939-01-01,265.01,,,
1939-02-01,264.78,,,
1939-03-01,264.56,,,
1939-04-01,232.93,,,
1939-05-01,241.53,,,
1939-06-01,245.83,,,
1939-07-01,251.86,,,
1939-08-01,248.2,,,
1939-09-01,268.81,,,
1939-10-01,273.49,,,
1939-11-01,268.61,,,
1939-12-01,262.25,,,
1940-01-01,262.64,,,
1940-02-01,259.07,,,
1940-03-01,257.59,,,
1940-04-01,260.13,,,
1940-05-01,224.3,,,
1940-06-01,203.56,,,
1940-07-01,211.79,,,
1940-08-01,216.25,,,
1940-09-01,225.36,,,
1940-10-01,227.48,,,
1940-11-01,232.78,,,
1940-12-01,221.66,,,
1941-01-01,222.08,,,
1941-02-01,208.19,,,
1941-03-01,207.97,,,
1941-04-01,200.09,,,
1941-05-01,194.37,,,
1941-06-01,197.06,,,
1941-07-01,207.16,,,
1941-08-01,203.38,,,
1941-09-01,201.28,,,
1941-10-01,190.69,,,
1941-11-01,180.59,,,
1941-12-01,167.74,,,
1942-01-01,168.82,,,
1942-02-01,162.49,,,
1942-03-01,151.74,,,
1942-04-01,144.53,,,
1942-05-01,144.4,,,
1942-06-01,151.68,,,
1942-07-01,156.37,,,
1942-08-01,154.52,,,
1942-09-01,156.14,,,
1942-10-01,165.64,,,
1942-11-01,167.31,,,
1942-12-01,167.2,,,
1943-01-01,177.21,,,
1943-02-01,187.74,,,
1943-03-01,191.03,,,
1943-04-01,195.14,,,
1943-05-01,201.66,,,
1943-06-01,205.22,,,
1943-07-01,210.67,,,
1943-08-01,201.42,,,
1943-09-01,204.52,,,
1943-10-01,202.65,,,
1943-11-01,193.27,,,
1943-12-01,195.83,,,
1944-01-01,202.14,,,
1944-02-01,200.77,,,
1944-03-01,206.4,,,
1944-04-01,201.66,,,
1944-05-01,205.22,,,
1944-06-01,213.67,,,
1944-07-01,217.99,,,
1944-08-01,214.81,,,
1944-09-01,211.29,,,
1944-10-01,216.49,,,
1944-11-01,214.98,,,
1944-12-01,218.44,,,
1945-01-01,224.94,,,
1945-02-01,232.44,,,
1945-03-01,232.28,,,
1945-04-01,238.11,,,
1945-05-01,245.74,,,
1945-06-01,247.45,,,
1945-07-01,242.37,,,
1945-08-01,243.19,,,
1945-09-01,259.75,,,
1945-10-01,270.57,,,
1945-11-01,279.43,,,
1945-12-01,282.62,,,
1946-01-01,293.87,,,
1946-02-01,296.32,,,
1946-03-01,284.32,,,
1946-04-01,301.0,,,
1946-05-01,300.02,,,
1946-06-01,294.9,,,
1946-07-01,270.57,,,
1946-08-01,260.07,,,
1946-09-01,219.55,,,
1946-10-01,210.48,,,
1946-11-01,204.7,,,
1946-12-01,208.87,227.0,,
1947-01-01,209.97,,,
1947-02-01,218.12,,,
1947-03-01,205.46,,,
1947-04-01,197.87,,,
1947-05-01,194.35,,,
1947-06-01,200.21,,,
1947-07-01,210.84,,,
1947-08-01,203.94,,,
1947-09-01,194.34,,,
1947-10-01,199.38,,,
1947-11-01,196.2,,,
1947-12-01,190.64,249.0,,
1948-01-01,185.72,,,
1948-02-01,178.08,,,
1948-03-01,181.38,,,
1948-04-01,192.05,,,
1948-05-01,200.56,,,
1948-06-01,207.15,,,
1948-07-01,199.74,,,
1948-08-01,193.11,,,
1948-09-01,190.93,,,
1948-10-01,196.94,,,
1948-11-01,187.53,,,
1948-12-01,187.08,275.0,,
1949-01-01,189.96,,,
1949-02-01,184.2,,,
1949-03-01,185.94,,,
1949-04-01,184.92,,,
1949-05-01,184.32,,,
1949-06-01,173.49,,,
1949-07-01,184.85,,,
1949-08-01,190.68,,,
1949-09-01,192.37,,,
1949-10-01,199.0,,,
1949-11-01,200.91,,,
1949-12-01,208.02,272.0,,
1950-01-01,213.2,,,
1950-02-01,217.36,,,
1950-03-01,218.2,,,
1950-04-01,224.37,,,
1950-05-01,230.93,,,
1950-06-01,233.71,,,
1950-07-01,214.05,,,
1950-08-01,225.11,,,
1950-09-01,232.09,,,
1950-10-01,239.74,,,
1950-11-01,238.29,,,
1950-12-01,234.48,300.0,,
1951-01-01,247.85,,,
1951-02-01,254.08,,,
1951-03-01,248.84,,,
1951-04-01,252.17,,,
1951-05-01,251.31,,,
1951-06-01,246.96,,,
1951-07-01,251.31,,,
1951-08-01,262.31,,,
1951-09-01,267.01,,,
1951-10-01,264.63,,,
1951-11-01,255.32,,,
1951-12-01,262.2,346.0,,
1952-01-01,270.94,,,
1952-02-01,268.03,,,
1952-03-01,268.71,89583.0,,
1952-04-01,266.9,,,
1952-05-01,266.79,,,
1952-06-01,273.06,90058.0,,
1952-07-01,278.8,,,
1952-08-01,279.91,,,
1952-09-01,275.46,91812.0,,
1952-10-01,269.68,,,
1952-11-01,278.24,,86.2,
1952-12-01,289.47,94993.0,,
1953-01-01,292.12,,,
1953-02-01,289.64,,90.7,
1953-03-01,290.0,96759.0,,
1953-04-01,275.72,,,
1953-05-01,276.13,,,
1953-06-01,265.24,97663.0,,
1953-07-01,269.01,,,
1953-08-01,269.11,,80.8,
1953-09-01,256.76,97482.0,,
1953-10-01,263.5,,,
1953-11-01,270.33,,80.7,
1953-12-01,273.97,95953.0,,
1954-01-01,280.92,,,
1954-02-01,287.1,,82.0,
1954-03-01,293.17,96140.0,,
1954-04-01,306.0,,,
1954-05-01,317.0,,82.9,
1954-06-01,319.54,96370.0,,
1954-07-01,332.45,,,
1954-08-01,339.07,,,
1954-09-01,348.31,97471.0,,
1954-10-01,356.39,,,
1954-11-01,370.35,,87.0,
1954-12-01,388.74,99727.0,,
1955-01-01,395.74,,,
1955-02-01,408.97,,95.9,
1955-03-01,405.75,103012.0,,
1955-04-01,419.76,,,
1955-05-01,417.98,,99.1,
1955-06-01,442.21,105337.0,,
1955-07-01,472.79,,,
1955-08-01,469.91,,,
1955-09-01,489.24,107486.0,,
1955-10-01,464.63,,,
1955-11-01,495.97,,99.7,
1955-12-01,502.47,109285.0,,
1956-01-01,488.96,,,
1956-02-01,492.06,,,
1956-03-01,525.95,110230.0,,
1956-04-01,530.17,,,
1956-05-01,511.61,,98.2,
1956-06-01,504.9,111912.0,,
1956-07-01,528.4,,,
1956-08-01,527.19,,99.9,
1956-09-01,507.39,113323.0,,
1956-10-01,499.07,,,
1956-11-01,493.89,,100.2,
1956-12-01,499.41,115701.0,,
1957-01-01,488.55,,,
1957-02-01,465.78,,,
1957-03-01,470.09,117797.0,,
1957-04-01,479.25,,,
1957-05-01,495.88,,92.9,
1957-06-01,502.25,118443.0,,
1957-07-01,508.77,,,
1957-08-01,480.77,,,
1957-09-01,461.26,120001.0,,
1957-10-01,432.52,,,
1957-11-01,421.7,,83.7,
1957-12-01,421.49,118807.0,,
1958-01-01,426.74,,,
1958-02-01,428.19,,78.5,
1958-03-01,433.98,117241.0,,
1958-04-01,434.84,,,
1958-05-01,448.81,,80.9,
1958-06-01,459.59,118131.0,,
1958-07-01,470.59,,,
1958-08-01,489.89,,,
1958-09-01,502.83,121535.0,,
1958-10-01,523.27,,,
1958-11-01,537.32,,90.8,
1958-12-01,549.35,124831.0,,
1959-01-01,569.26,,,
1959-02-01,562.5,,,
1959-03-01,576.77,127763.0,,
1959-04-01,584.4,,,
1959-05-01,593.21,,95.3,
1959-06-01,586.07,131242.0,,
1959-07-01,607.24,,,
1959-08-01,603.78,,,
1959-09-01,577.91,131075.0,,
1959-10-01,575.44,,,
1959-11-01,577.77,,93.8,
1959-12-01,596.24,132303.0,,
1960-01-01,587.84,,,
1960-02-01,563.13,,100.0,
1960-03-01,555.45,135807.0,,
1960-04-01,560.72,,,
1960-05-01,555.58,,93.3,
1960-06-01,574.16,135878.0,,
1960-07-01,559.92,,,
1960-08-01,566.64,,97.2,
1960-09-01,549.6,136529.0,,
1960-10-01,535.15,,,
1960-11-01,552.48,,90.1,
1960-12-01,565.73,135747.0,,
1961-01-01,594.81,,,
1961-02-01,619.21,,91.6,
1961-03-01,638.64,136654.0,,
1961-04-01,655.67,,,
1961-05-01,662.34,,92.5,
1961-06-01,653.58,139414.0,,
1961-07-01,647.44,,,
1961-08-01,672.93,,99.2,
1961-09-01,665.44,142067.0,,
1961-10-01,672.76,,,
1961-11-01,703.24,,93.0,
1961-12-01,709.77,145660.0,,
1962-01-01,683.35,,,
1962-02-01,692.42,,99.9,
1962-03-01,693.11,148614.0,,
1962-04-01,668.8,,,
1962-05-01,619.07,,95.4,
1962-06-01,546.74,150486.0,,
1962-07-01,558.06,,,
1962-08-01,573.24,,91.6,
1962-09-01,566.28,152283.0,,
1962-10-01,548.41,,,
1962-11-01,586.2,,95.0,
1962-12-01,611.58,153774.0,,
1963-01-01,635.21,,,
1963-02-01,643.6,,98.4,
1963-03-01,639.06,155964.0,,
1963-04-01,669.13,,,
1963-05-01,682.56,,91.7,
1963-06-01,680.04,158382.0,,
1963-07-01,667.77,,,
1963-08-01,686.24,,96.4,
1963-09-01,704.31,161196.0,,
1963-10-01,703.76,,,
1963-11-01,699.81,,94.4,
1963-12-01,712.44,163796.0,,
1964-01-01,734.34,,,
1964-02-01,743.36,,99.5,
1964-03-01,756.91,167464.0,,
1964-04-01,767.86,,,
1964-05-01,775.35,,98.5,
1964-06-01,768.25,170096.0,,
1964-07-01,794.22,,,
1964-08-01,785.11,,100.6,
1964-09-01,796.04,173152.0,,
1964-10-01,809.78,,,
1964-11-01,812.8,,99.9,
1964-12-01,798.72,175081.0,,
1965-01-01,819.27,,,
1965-02-01,825.26,,102.0,
1965-03-01,823.38,180092.0,,
1965-04-01,831.54,,,
1965-05-01,843.92,,105.4,
1965-06-01,798.75,183304.0,,
1965-07-01,797.53,,,
1965-08-01,812.37,,103.4,
1965-09-01,839.52,187192.0,,
1965-10-01,855.69,,,
1965-11-01,862.8,,102.9,
1965-12-01,856.17,192752.0,,
1966-01-01,871.01,,,
1966-02-01,859.72,,100.0,
1966-03-01,821.82,198521.0,,
1966-04-01,841.72,,,
1966-05-01,797.43,,95.7,
1966-06-01,788.37,201223.0,,
1966-07-01,783.94,,,
1966-08-01,732.04,,91.2,
1966-09-01,706.26,204600.0,,
1966-10-01,695.83,,,
1966-11-01,730.65,,88.3,
1966-12-01,733.72,208132.0,,
1967-01-01,761.87,,,
1967-02-01,788.12,,94.1,
1967-03-01,804.26,210572.0,,
1967-04-01,815.64,,,
1967-05-01,827.75,,95.9,
1967-06-01,814.93,212309.0,,
1967-07-01,826.53,,,
1967-08-01,837.18,,97.0,
1967-09-01,846.34,216389.0,,
1967-10-01,842.51,,,
1967-11-01,813.68,,92.9,
1967-12-01,834.39,220755.0,,
1968-01-01,827.23,,,
1968-02-01,787.58,,97.2,
1968-03-01,770.92,227152.0,,
1968-04-01,825.45,,,
1968-05-01,841.99,,92.4,
1968-06-01,859.63,233240.0,,
1968-07-01,853.0,,,
1968-08-01,832.0,,92.4,
1968-09-01,856.6,237924.0,,
1968-10-01,872.77,,,
1968-11-01,883.72,,91.7,
1968-12-01,890.42,242572.0,,
1969-01-01,850.4,,,
1969-02-01,841.51,,98.2,
1969-03-01,816.43,248159.0,,
1969-04-01,828.28,,,
1969-05-01,852.92,,91.5,
1969-06-01,803.98,252599.0,,
1969-07-01,763.88,,,
1969-08-01,755.5,,86.4,
1969-09-01,756.1,257900.0,,
1969-10-01,760.08,,,
1969-11-01,761.49,,79.7,
1969-12-01,717.3,260419.0,,
1970-01-01,709.12,,,
1970-02-01,680.78,,78.1,
1970-03-01,688.8,262918.0,,
1970-04-01,662.61,,,
1970-05-01,584.85,,75.4,
1970-06-01,578.24,266813.0,,
1970-07-01,576.26,,,
1970-08-01,593.01,,77.6,
1970-09-01,625.27,271304.0,,
1970-10-01,635.58,,,
1970-11-01,631.69,,72.4,
1970-12-01,671.55,272179.0,,
1971-01-01,697.2,,,
1971-02-01,722.38,,78.1,
1971-03-01,739.05,282795.0,,
1971-04-01,762.37,,,
1971-05-01,748.28,,80.2,
1971-06-01,729.01,288275.0,,
1971-07-01,721.97,,,
1971-08-01,707.39,,82.1,
1971-09-01,723.11,293604.0,,
1971-10-01,706.03,,,
1971-11-01,673.3,,82.0,
1971-12-01,716.17,298353.0,,
1972-01-01,745.99,,,
1972-02-01,756.03,,92.8,
1972-03-01,772.13,307874.0,,
1972-04-01,778.14,,,
1972-05-01,768.42,,88.6,
1972-06-01,768.71,315335.0,,
1972-07-01,759.38,,,
1972-08-01,784.42,,95.2,
1972-09-01,771.28,322341.0,,
1972-10-01,769.03,,,
1972-11-01,805.72,,90.7,
1972-12-01,820.59,333332.0,,
1973-01-01,824.93,,,
1973-02-01,790.1,,81.9,
1973-03-01,770.47,344368.0,,
1973-04-01,750.87,,,
1973-05-01,724.78,,77.0,
1973-06-01,703.74,352556.0,,
1973-07-01,708.86,,,
1973-08-01,683.12,,72.0,
1973-09-01,693.43,358899.0,,
1973-10-01,714.68,,,
1973-11-01,659.57,,76.5,
1973-12-01,608.91,369669.0,,
1974-01-01,612.15,,,
1974-02-01,587.64,,61.8,
1974-03-01,605.04,373672.0,,
1974-04-01,571.73,,,
1974-05-01,547.63,,72.1,
1974-06-01,543.89,382295.0,,
1974-07-01,476.52,,,
1974-08-01,451.33,,64.4,
1974-09-01,399.58,390427.0,,
1974-10-01,403.33,,,
1974-11-01,413.46,,59.5,
1974-12-01,383.56,398729.0,,
1975-01-01,413.37,,,
1975-02-01,452.84,,57.6,
1975-03-01,471.85,402979.0,,
1975-04-01,475.34,,,
1975-05-01,502.68,,72.8,
1975-06-01,511.66,412318.0,,
1975-07-01,506.49,,,
1975-08-01,468.5,,75.7,
1975-09-01,460.27,427364.0,,
1975-10-01,478.84,,,
1975-11-01,483.43,,75.6,
1975-12-01,474.36,439645.0,,
1976-01-01,517.07,,,
1976-02-01,535.11,,84.6,
1976-03-01,536.8,453854.0,,
1976-04-01,539.12,,,
1976-05-01,531.63,,83.3,
1976-06-01,531.96,461629.0,,
1976-07-01,541.64,,,
1976-08-01,534.15,,89.7,
1976-09-01,543.63,470506.0,,
1976-10-01,522.36,,,
1976-11-01,517.88,,87.0,
1976-12-01,533.95,481371.0,,
1977-01-01,526.64,,,
1977-02-01,507.24,,87.1,
1977-03-01,501.83,494190.0,,
1977-04-01,489.98,,,
1977-05-01,486.12,,90.2,
1977-06-01,485.5,512434.0,,
1977-07-01,487.54,,,
1977-08-01,474.07,,89.0,
1977-09-01,465.18,528310.0,,
1977-10-01,451.67,,,
1977-11-01,452.07,,84.4,
1977-12-01,448.41,541390.0,,
1978-01-01,428.59,,83.7,
1978-02-01,419.87,,84.3,
1978-03-01,415.81,552108.0,78.8,
1978-04-01,430.63,,81.6,
1978-05-01,448.25,,82.9,
1978-06-01,444.57,581479.0,80.0,
1978-07-01,439.07,,82.4,
1978-08-01,467.25,,78.4,
1978-09-01,463.73,596035.0,80.4,
1978-10-01,444.99,,79.3,
1978-11-01,417.07,,75.0,
1978-12-01,421.36,615372.0,66.1,
1979-01-01,433.3,,72.1,
1979-02-01,421.93,,73.9,
1979-03-01,425.65,629901.0,68.4,
1979-04-01,429.24,,66.0,
1979-05-01,414.0,,68.1,
1979-06-01,417.5,643813.0,65.8,
1979-07-01,416.99,,60.4,
1979-08-01,431.94,,64.5,
1979-09-01,432.08,660294.0,66.7,
1979-10-01,412.45,,62.1,
1979-11-01,405.52,,63.3,
1979-12-01,417.16,675739.0,61.0,
1980-01-01,423.08,,67.0,
1980-02-01,433.74,,66.9,
1980-03-01,387.96,691164.0,56.5,
1980-04-01,377.42,,52.7,
1980-05-01,390.79,,51.7,
1980-06-01,411.3,692577.0,58.7,
1980-07-01,429.96,,62.3,
1980-08-01,440.05,,67.3,
1980-09-01,446.98,710560.0,73.7,
1980-10-01,455.71,,75.0,
1980-11-01,471.07,,76.7,
1980-12-01,459.14,746242.0,64.5,
1981-01-01,453.74,,71.4,
1981-02-01,433.56,,66.9,
1981-03-01,446.72,775792.0,66.5,
1981-04-01,447.71,,72.4,
1981-05-01,435.3,,76.3,
1981-06-01,433.42,787464.0,73.1,
1981-07-01,418.32,,74.1,
1981-08-01,416.75,,77.2,
1981-09-01,376.74,811815.0,73.1,
1981-10-01,380.7,,70.3,
1981-11-01,389.3,,62.5,
1981-12-01,390.9,817524.0,64.3,
1982-01-01,369.2,,71.0,
1982-02-01,359.24,,66.5,
1982-03-01,348.0,818663.0,62.0,
1982-04-01,363.74,,65.5,
1982-05-01,360.63,,67.5,
1982-06-01,335.67,832437.0,65.7,
1982-07-01,333.03,,65.4,
1982-08-01,333.26,,65.4,
1982-09-01,371.09,841255.0,69.3,
1982-10-01,401.08,,73.4,
1982-11-01,418.26,,72.1,
1982-12-01,423.92,849259.0,71.9,
1983-01-01,437.93,,70.4,
1983-02-01,445.06,,74.6,
1983-03-01,460.52,866500.0,80.8,
1983-04-01,474.71,,89.1,
1983-05-01,490.99,,93.3,
1983-06-01,496.37,889753.0,92.2,
1983-07-01,496.17,,92.8,
1983-08-01,481.05,,90.9,
1983-09-01,492.81,914038.0,89.9,
1983-10-01,492.82,,89.3,
1983-11-01,484.51,,91.1,
1983-12-01,481.69,940766.0,94.2,
1984-01-01,484.68,,100.1,
1984-02-01,455.94,,97.4,
1984-03-01,455.34,973387.0,101.0,
1984-04-01,453.7,,96.1,
1984-05-01,449.52,,98.1,
1984-06-01,438.2,998129.0,95.5,
1984-07-01,430.81,,96.6,
1984-08-01,466.94,,99.1,
1984-09-01,469.52,1016706.0,100.9,
1984-10-01,464.52,,96.3,
1984-11-01,468.75,,95.7,
1984-12-01,463.67,1033155.0,92.9,
1985-01-01,482.77,,96.0,
1985-02-01,506.53,,93.7,
1985-03-01,500.45,1054854.0,93.7,
1985-04-01,501.44,,94.6,
1985-05-01,511.46,,91.8,
1985-06-01,521.07,1070118.0,96.5,
1985-07-01,530.01,,94.0,
1985-08-01,517.49,,92.4,
1985-09-01,504.55,1091301.0,92.1,
1985-10-01,508.42,,88.4,
1985-11-01,537.79,,90.9,
1985-12-01,562.93,1104840.0,93.9,
1986-01-01,563.83,,95.6,
1986-02-01,595.79,,95.9,
1986-03-01,633.72,1121028.0,95.1,
1986-04-01,650.46,,96.2,
1986-05-01,650.03,,94.8,
1986-06-01,664.9,1129598.0,99.3,
1986-07-01,651.08,,97.7,
1986-08-01,662.88,,94.9,
1986-09-01,641.83,1143644.0,91.9,
1986-10-01,638.82,,95.6,
1986-11-01,658.95,,91.4,
1986-12-01,667.75,1157513.0,89.1,
1987-01-01,705.99,,90.4,
1987-02-01,747.07,,90.2,
1987-03-01,774.45,1175857.0,90.8,
1987-04-01,761.9,,92.8,
1987-05-01,758.68,,91.1,
1987-06-01,788.18,1199750.0,91.5,
1987-07-01,808.79,,93.7,
1987-08-01,854.62,,94.4,
1987-09-01,822.55,1222965.0,93.6,
1987-10-01,721.3,,89.3,
1987-11-01,630.14,,83.1,
1987-12-01,619.85,1251368.0,86.8,
1988-01-01,642.61,,90.8,
1988-02-01,660.4,,91.6,
1988-03-01,676.93,1272358.0,94.6,
1988-04-01,665.6,,91.2,
1988-05-01,646.92,,94.8,
1988-06-01,680.9,1300627.0,94.7,
1988-07-01,674.02,,93.4,
1988-08-01,657.72,,97.4,
1988-09-01,663.98,1325596.0,97.3,
1988-10-01,684.98,,94.1,
1988-11-01,668.62,,93.0,
1988-12-01,681.06,1354284.0,91.9,
1989-01-01,699.5,,97.9,
1989-02-01,717.61,,95.4,
1989-03-01,710.35,1380569.0,94.3,
1989-04-01,728.88,,91.5,
1989-05-01,752.57,,90.7,
1989-06-01,774.19,1398967.0,90.6,
1989-07-01,791.89,,92.0,
1989-08-01,825.63,,89.6,
1989-09-01,824.65,1417075.0,95.8,
1989-10-01,820.95,,93.9,
1989-11-01,802.02,,90.9,
1989-12-01,820.52,1428996.0,90.5,
1990-01-01,792.04,,93.0,
1990-02-01,766.25,,89.5,
1990-03-01,780.56,1460223.0,91.3,
1990-04-01,778.7,,93.9,
1990-05-01,804.62,,90.6,
1990-06-01,823.45,1482324.0,88.3,
1990-07-01,819.48,,88.2,
1990-08-01,745.97,,76.4,
1990-09-01,705.47,1495046.0,72.8,
1990-10-01,682.81,,63.9,
1990-11-01,699.41,,66.0,
1990-12-01,729.26,1496317.0,65.5,
1991-01-01,717.74,,66.8,
1991-02-01,797.64,,70.4,
1991-03-01,818.49,1506691.0,87.7,
1991-04-01,833.52,,81.8,
1991-05-01,827.36,,78.3,
1991-06-01,825.58,1524897.0,82.1,
1991-07-01,828.6,,82.9,
1991-08-01,846.1,,82.0,
1991-09-01,837.64,1541828.0,83.0,
1991-10-01,835.73,,78.3,
1991-11-01,831.23,,69.1,
1991-12-01,836.21,1556440.0,68.2,
1992-01-01,894.25,,67.5,
1992-02-01,883.49,,68.8,
1992-03-01,867.97,1585982.0,76.0,
1992-04-01,866.83,,77.2,
1992-05-01,881.31,,79.2,
1992-06-01,864.32,1611428.0,80.4,
1992-07-01,876.8,,76.6,
1992-08-01,880.38,,76.1,
1992-09-01,879.04,1629574.0,75.6,
1992-10-01,863.42,,73.3,
1992-11-01,883.82,,85.3,
1992-12-01,911.22,1656865.0,91.0,
1993-01-01,905.89,,89.3,
1993-02-01,916.14,,86.6,
1993-03-01,930.44,1664480.0,85.9,
1993-04-01,913.26,,85.6,
1993-05-01,916.46,,80.3,
1993-06-01,920.97,1689819.0,81.5,
1993-07-01,919.39,,77.0,
1993-08-01,930.87,,77.3,
1993-09-01,939.39,1705624.0,77.9,
1993-10-01,945.02,,82.7,
1993-11-01,942.31,,81.2,
1993-12-01,948.54,1742626.0,88.2,
1994-01-01,960.24,,94.3,
1994-02-01,954.12,,93.2,
1994-03-01,935.21,1764416.0,91.5,
1994-04-01,900.55,,92.6,
1994-05-01,907.33,,92.8,
1994-06-01,912.14,1799278.0,91.2,
1994-07-01,902.82,,89.0,
1994-08-01,924.77,,91.7,
1994-09-01,927.69,1822835.0,91.5,
1994-10-01,920.82,,92.7,
1994-11-01,914.04,,91.6,
1994-12-01,902.5,1853818.0,95.1,
1995-01-01,918.76,,97.6,
1995-02-01,947.9,,95.1,
1995-03-01,966.78,1872027.0,90.3,
1995-04-01,992.44,,92.5,
1995-05-01,1021.49,,89.8,
1995-06-01,1049.73,1888959.0,92.7,
1995-07-01,1084.8,,94.4,
1995-08-01,1085.34,,96.2,
1995-09-01,1121.3,1917683.0,88.9,
1995-10-01,1125.67,,90.2,
1995-11-01,1150.77,,88.2,
1995-12-01,1188.33,1940112.0,91.0,
1996-01-01,1181.12,,89.3,
1996-02-01,1244.6,,88.5,
1996-03-01,1233.5,1967602.0,93.7,
1996-04-01,1228.95,,92.7,
1996-05-01,1253.25,,89.4,
1996-06-01,1266.22,2007191.0,92.4,
1996-07-01,1217.61,,94.7,
1996-08-01,1250.41,,95.3,
1996-09-01,1269.39,2031648.0,94.7,
1996-10-01,1315.22,,96.5,
1996-11-01,1376.75,,99.2,
1996-12-01,1390.94,2065475.0,96.9,
1997-01-01,1429.42,,97.4,
1997-02-01,1484.77,,99.7,
1997-03-01,1469.5,2098099.0,100.0,
1997-04-01,1415.36,,101.4,
1997-05-01,1544.46,,103.2,
1997-06-01,1622.52,2132049.0,104.5,
1997-07-01,1711.11,,107.1,
1997-08-01,1711.52,,104.4,
1997-09-01,1725.28,2171165.0,106.0,
1997-10-01,1746.98,,105.6,
1997-11-01,1725.57,,107.2,
1997-12-01,1770.86,2201058.0,102.1,
1998-01-01,1769.39,,106.6,
1998-02-01,1876.8,,110.4,
1998-03-01,1970.48,2227331.0,106.5,
1998-04-01,2031.45,,108.7,
1998-05-01,2020.81,,106.5,
1998-06-01,2018.28,2258823.0,105.6,
1998-07-01,2103.44,,105.2,
1998-08-01,1951.99,,104.4,
1998-09-01,1851.68,2298209.0,100.9,
1998-10-01,1868.57,,97.4,
1998-11-01,2071.2,,102.7,
1998-12-01,2155.07,2334881.0,100.5,
1999-01-01,2255.9,,103.9,
1999-02-01,2249.21,,108.1,
1999-03-01,2305.5,2370473.0,105.7,
1999-04-01,2383.68,,104.6,
1999-05-01,2378.88,,106.8,
1999-06-01,2361.87,2395603.0,107.3,
1999-07-01,2458.84,,106.0,
1999-08-01,2357.93,,104.5,
1999-09-01,2330.22,2430509.0,107.2,
1999-10-01,2294.02,,103.2,
1999-11-01,2453.12,,107.2,
1999-12-01,2519.57,2482792.0,105.4,
2000-01-01,2506.67,,112.0,
2000-02-01,2427.73,,111.3,
2000-03-01,2500.35,2530953.0,107.1,
2000-04-01,2532.07,,109.2,2.51
2000-05-01,2454.91,,110.7,
2000-06-01,2516.95,2576220.0,106.4,
2000-07-01,2530.08,,108.3,
2000-08-01,2551.48,,107.3,
2000-09-01,2508.51,2604143.0,106.8,
2000-10-01,2371.29,,105.8,
2000-11-01,2349.3,,107.6,
2000-12-01,2270.29,2623197.0,98.4,
2001-01-01,2264.0,,94.7,
2001-02-01,2204.53,,90.6,
2001-03-01,1997.56,2651241.0,91.5,
2001-04-01,1996.35,,88.4,2.54
2001-05-01,2121.87,,92.0,
2001-06-01,2065.5,2674524.0,92.6,
2001-07-01,2014.03,,92.4,
2001-08-01,1970.64,,91.5,
2001-09-01,1738.97,2674266.0,81.8,
2001-10-01,1798.2,,82.7,
2001-11-01,1890.07,,83.9,
2001-12-01,1923.17,2679287.0,88.8,
2002-01-01,1910.92,,93.0,
2002-02-01,1837.39,,90.7,
2002-03-01,1915.29,2717629.0,95.7,
2002-04-01,1835.54,,93.0,2.49
2002-05-01,1781.59,,96.9,
2002-06-01,1672.98,2743649.0,92.4,
2002-07-01,1489.13,,88.1,
2002-08-01,1498.91,,87.6,
2002-09-01,1423.05,2764371.0,86.1,
2002-10-01,1399.12,,80.6,
2002-11-01,1489.66,,84.2,
2002-12-01,1475.31,2788257.0,86.7,
2003-01-01,1463.36,,82.4,
2003-02-01,1356.84,,79.9,
2003-03-01,1364.2,2814894.0,77.6,
2003-04-01,1437.26,,86.0,2.71
2003-05-01,1513.9,,92.1,
2003-06-01,1596.33,2850165.0,89.7,
2003-07-01,1601.92,,90.9,
2003-08-01,1591.01,,89.3,
2003-09-01,1633.79,2903647.0,87.7,
2003-10-01,1666.5,,89.6,
2003-11-01,1688.99,,93.7,
2003-12-01,1740.33,2948782.0,92.6,
2004-01-01,1815.02,,103.8,
2004-02-01,1822.55,,94.4,
2004-03-01,1780.18,2994380.0,95.8,
2004-04-01,1789.31,,94.2,
2004-05-01,1730.9,,90.2,2.9
2004-06-01,1772.34,3047150.0,95.6,
2004-07-01,1732.97,,96.7,
2004-08-01,1705.57,,95.9,
2004-09-01,1746.87,3097309.0,94.2,
2004-10-01,1737.02,,91.7,
2004-11-01,1816.5,,92.8,
2004-12-01,1870.39,3140382.0,97.1,
2005-01-01,1838.76,,95.5,
2005-02-01,1856.41,,94.1,
2005-03-01,1834.74,3201812.0,92.6,
2005-04-01,1776.01,,87.7,
2005-05-01,1798.99,,86.9,
2005-06-01,1834.64,3245026.0,96.0,3.06
2005-07-01,1856.55,,96.5,
2005-08-01,1850.17,,89.1,
2005-09-01,1830.3,3303555.0,76.9,
2005-10-01,1776.02,,74.2,
2005-11-01,1858.61,,81.6,
2005-12-01,1903.42,3361072.0,91.5,
2006-01-01,1913.96,,91.2,3.15
2006-02-01,1907.0,,86.7,
2006-03-01,1921.88,3439988.0,88.9,
2006-04-01,1918.09,,87.4,
2006-05-01,1890.79,,79.1,3.1
2006-06-01,1833.17,3475442.0,84.9,
2006-07-01,1838.08,,84.7,
2006-08-01,1873.65,,82.0,
2006-09-01,1927.63,3508215.0,85.4,
2006-10-01,2005.26,,93.6,
2006-11-01,2045.46,,92.1,
2006-12-01,2083.27,3540887.0,91.7,
2007-01-01,2088.28,,96.9,3.22
2007-02-01,2107.27,,91.3,
2007-03-01,2033.55,3577230.0,88.4,
2007-04-01,2101.84,,87.1,
2007-05-01,2156.87,,88.3,
2007-06-01,2157.04,3613520.0,85.3,3.41
2007-07-01,2166.88,,90.4,
2007-08-01,2076.52,,83.4,
2007-09-01,2131.31,3628259.0,83.4,
2007-10-01,2187.19,,80.9,
2007-11-01,2066.57,,76.1,
2007-12-01,2090.33,3649882.0,75.5,
2008-01-01,1938.73,,78.4,
2008-02-01,1899.62,,70.8,
2008-03-01,1830.57,3661297.0,69.5,
2008-04-01,1893.5,,62.6,
2008-05-01,1922.55,,59.8,
2008-06-01,1819.32,3687042.0,56.4,3.57
2008-07-01,1696.58,,61.2,
2008-08-01,1736.08,,63.0,
2008-09-01,1650.95,3695216.0,70.3,
2008-10-01,1327.72,,57.6,
2008-11-01,1233.82,,55.3,
2008-12-01,1238.97,3625331.0,60.1,
2009-01-01,1216.76,,61.2,
2009-02-01,1126.33,,56.3,
2009-03-01,1056.48,3581314.0,57.3,
2009-04-01,1180.54,,65.1,
2009-05-01,1252.44,,68.7,
2009-06-01,1274.4,3573081.0,70.8,
2009-07-01,1289.8,,66.0,3.57
2009-08-01,1388.55,,65.7,
2009-09-01,1435.53,3586756.0,73.5,
2009-10-01,1465.88,,70.6,
2009-11-01,1492.85,,67.4,
2009-12-01,1526.15,3639926.0,72.5,
2010-01-01,1539.03,,74.4,3.58
2010-02-01,1491.51,,73.6,
2010-03-01,1571.18,3663039.0,73.6,
2010-04-01,1630.09,,72.2,
2010-05-01,1530.52,,73.6,
2010-06-01,1475.24,3709878.0,76.0,
2010-07-01,1470.08,,67.8,3.73
2010-08-01,1478.22,,68.9,
2010-09-01,1524.65,3763650.0,68.2,
2010-10-01,1589.93,,67.7,
2010-11-01,1626.3,,71.6,
2010-12-01,1681.26,3803206.0,74.5,
2011-01-01,1728.67,,74.2,
2011-02-01,1771.82,,77.5,
2011-03-01,1732.62,3815104.0,67.5,
2011-04-01,1757.19,,69.8,
2011-05-01,1757.9,,74.3,
2011-06-01,1692.69,3866079.0,71.5,
2011-07-01,1740.99,,63.7,4.065
2011-08-01,1552.93,,55.8,
2011-09-01,1535.63,3906118.0,59.5,
2011-10-01,1582.51,,60.8,
2011-11-01,1609.03,,63.7,
2011-12-01,1635.24,3949797.0,69.9,
2012-01-01,1703.05,,75.0,4.19722
2012-02-01,1763.26,,75.3,
2012-03-01,1797.52,4020805.0,76.2,
2012-04-01,1788.48,,76.4,
2012-05-01,1732.26,,79.3,
2012-06-01,1711.8,4051504.0,73.2,
2012-07-01,1761.62,,72.3,4.3275
2012-08-01,1808.13,,74.3,
2012-09-01,1851.36,4074962.0,78.3,
2012-10-01,1844.9,,82.6,
2012-11-01,1797.85,,82.7,
2012-12-01,1838.61,4109612.0,72.9,
2013-01-01,1908.09,,73.8,4.3673958333333
2013-02-01,1933.38,,77.6,
2013-03-01,1977.46,4138907.0,78.6,
2013-04-01,2004.88,,76.4,
2013-05-01,2089.41,,84.5,
2013-06-01,2057.63,4161749.0,84.1,
2013-07-01,2120.23,,85.1,4.5566666666667
2013-08-01,2119.47,,82.1,
2013-09-01,2138.66,4202146.0,77.5,
2013-10-01,2185.94,,73.2,
2013-11-01,2271.3,,75.1,
2013-12-01,2302.36,4257685.0,82.5,
2014-01-01,2312.33,,81.2,4.6241666666667
2014-02-01,2297.09,,81.6,
2014-03-01,2340.77,4281345.0,80.0,
2014-04-01,2334.01,,84.1,
2014-05-01,2357.71,,81.9,
2014-06-01,2424.71,4354233.0,82.5,
2014-07-01,2458.06,,81.8,4.795
2014-08-01,2447.73,,82.5,
2014-09-01,2485.42,4423299.0,84.6,
2014-10-01,2421.72,,86.9,
2014-11-01,2569.73,,88.8,
2014-12-01,2596.65,4463202.0,93.6,
2015-01-01,2575.79,,98.1,4.79
2015-02-01,2632.96,,95.4,
2015-03-01,2614.6,4502799.0,93.0,
2015-04-01,2627.95,,95.9,
2015-05-01,2635.94,,90.7,
2015-06-01,2611.01,4556243.0,96.1,
2015-07-01,2604.43,,93.1,4.79
2015-08-01,2540.53,,91.9,
2015-09-01,2425.42,4584367.0,87.2,
2015-10-01,2526.85,,90.0,
2015-11-01,2601.98,,91.3,
2015-12-01,2577.6,4605260.0,92.6,
2016-01-01,2403.62,,92.0,4.93
2016-02-01,2383.89,,91.7,
2016-03-01,2520.16,4630780.0,91.0,
2016-04-01,2574.75,,89.0,
2016-05-01,2552.03,,94.7,
2016-06-01,2566.26,4670210.0,93.5,
2016-07-01,2650.61,,90.0,5.04
2016-08-01,2675.35,,89.8,
2016-09-01,2652.63,4710557.0,91.2,
2016-10-01,2631.32,,87.2,
2016-11-01,2662.43,,93.8,
2016-12-01,2761.93,4759104.0,98.2,
2017-01-01,2780.75,,98.5,5.06
2017-02-01,2838.78,,96.3,
2017-03-01,2881.41,4812180.0,96.9,
2017-04-01,2863.78,,97.0,
2017-05-01,2905.04,,97.1,
2017-06-01,2949.23,4856698.0,95.0,
2017-07-01,2975.65,,93.4,5.3
2017-08-01,2969.33,,96.8,
2017-09-01,2997.72,4906262.0,95.1,
2017-10-01,3076.82,,100.7,
2017-11-01,3120.8,,98.5,
2017-12-01,3207.79,4978063.0,95.9,
2018-01-01,3340.64,,95.7,5.28
2018-02-01,3224.67,,99.7,
2018-03-01,3214.55,5070249.0,101.4,
2018-04-01,3143.61,,98.8,
2018-05-01,3187.05,,98.0,
2018-06-01,3244.24,5135732.0,98.2,
2018-07-01,3290.3,,97.9,5.51
2018-08-01,3364.02,,96.2,
2018-09-01,3411.47,5198757.0,100.1,
2018-10-01,3269.26,,98.6,
2018-11-01,3206.96,,97.5,
2018-12-01,3033.03,5236124.0,98.3,
2019-01-01,3074.52,,91.2,5.58
2019-02-01,3234.74,,93.8,
2019-03-01,3273.95,5274652.0,98.4,
2019-04-01,3372.64,,97.2,
2019-05-01,3308.58,,100.0,
2019-05-01,2752.08,,100.0,
2019-06-01,3349.01,5331359.0,98.2,
2019-07-01,3465.98,,98.4,5.74
2019-08-01,3352.07,,89.8,
2019-09-01,3447.31,5373360.0,93.2,
2019-10-01,3434.28,,95.5,
2019-11-01,3582.94,,96.8,
2019-12-01,3669.18,5428038.0,99.3,
2019-12-01,3230.83,5428038.0,99.3,
2020-01-01,3771.73,,99.8,5.67
2020-01-01,3225.04,,99.8,5.67
2020-02-01,2954.81,,101.0,
2020-02-01,3760.4,,101.0,
2020-03-01,3050.0,5404655.0,89.1,
2020-03-01,2584.59,5404655.0,89.1,
2020-04-01,3197.39,,71.8,
2020-04-01,2912.43,,71.8,
2020-05-01,3379.82,,72.3,
2020-06-01,3574.47,4887206.0,78.1,
2020-06-01,3100.29,4887206.0,78.1,
2020-07-01,3674.42,,72.5,5.71
2020-07-01,3271.12,,72.5,5.71
2020-08-01,3873.09,,74.1,
2020-08-01,3500.31,,74.1,
2020-09-01,3837.84,5255889.0,80.4,
2020-09-01,3363.0,5255889.0,80.4,
2020-10-01,3896.87,,81.8,
2020-11-01,4047.86,,76.9,
2020-11-01,3621.63,,76.9,
2020-12-01,4210.78,5431271.0,80.7,
2020-12-01,3756.07,5431271.0,80.7,
2021-01-01,4304.63,,79.0,5.66
2021-02-01,4382.4,,76.8,
2021-03-01,4381.92,5573266.0,84.9,
2021-03-01,3972.89,5573266.0,84.9,
2021-04-01,4602.57,,88.3,
2021-04-01,4181.17,,88.3,
2021-05-01,4595.37,,82.9,
2021-06-01,4630.24,5734201.0,85.5,
2021-06-01,4297.5,5734201.0,85.5,
2021-07-01,4744.21,,81.2,5.65
2021-08-01,4832.62,,70.3,
2021-08-01,4522.68,,70.3,
2021-09-01,4810.15,5879444.0,72.8,
2021-09-01,4307.54,5879444.0,72.8,
2021-10-01,4786.79,,71.7,
2021-11-01,4984.09,,67.4,
2021-11-01,4567.0,,67.4,
2021-12-01,4976.69,6077834.0,70.6,
2021-12-01,4766.18,6077834.0,70.6,
2022-01-01,4828.58,,67.2,5.81
2022-01-01,4515.55,,67.2,5.81
2022-02-01,4640.68,,62.8,
2022-02-01,4373.94,,62.8,
2022-03-01,4530.41,6201234.0,59.4,
2022-03-01,4533.37,6201234.0,59.4,
2022-04-01,4508.24,,65.2,
2022-05-01,4102.73,,58.4,
2022-05-01,4132.15,,58.4,
2022-06-01,3905.49,6342867.0,50.0,
2022-06-01,3785.38,6342867.0,50.0,
2022-07-01,3918.75,,51.5,5.15
2022-08-01,4167.51,,58.2,
2022-08-01,3955.0,,58.2,
2022-09-01,3850.52,,58.6,
2022-09-01,3585.62,,58.6,
2022-10-01,3726.05,,59.9,
2022-10-01,3871.98,,59.9,
2022-11-01,3856.1,,,
