Period,GDP-Quarterly (),CPI (Y-o-Y change),Unemployment rate,S&P 500 index,Monthly Home Price index,Initial Jobless Claim,Core CPI Index,Consumer Credit,Non-farm Payroll,Chicago PMI
2022-11-01,,,,3888.26301276473,,229000.0,,,,
2022-10-01,,7.75,3.7,3726.0505154390335,,219000.0,299.47,,261000.0,45.2
2022-09-01,20021700.0,8.2,3.5,3850.5218021268934,,210250.0,298.66,24980000000.0,263000.0,45.7
2022-08-01,,8.26,3.7,4158.5631338801295,392.0,246750.0,296.95,32240000000.0,315000.0,52.2
2022-07-01,,8.52,3.5,3911.730187573202,395.2,249200.0,295.28,23810000000.0,528000.0,52.1
2022-06-01,19895271.0,9.06,3.6,3898.946993554171,398.0,229500.0,294.35,40150000000.0,372000.0,56.0
2022-05-01,,8.58,3.6,4040.3598308431738,398.1,207750.0,292.29,22350000000.0,390000.0,60.3
2022-04-01,,8.26,3.6,4391.295005742777,392.9,183000.0,290.46,38070000000.0,428000.0,56.4
2022-03-01,19924100.0,8.54,3.6,4391.264982277523,386.5,207500.0,288.81,52430000000.0,431000.0,62.9
2022-02-01,,7.87,3.8,4435.980293322856,381.4,229500.0,287.88,41820000000.0,678000.0,56.3
2022-01-01,,7.48,4,4573.814823771528,373.3,244200.0,286.43,6840000000.0,467000.0,65.2
2021-12-01,20006181.0,7.04,3.9,4674.772696422577,367.2,198250.0,284.76,18900000000.0,199000.0,63.1
2021-11-01,,6.81,4.2,4667.38672972238,362.4,239000.0,283.2,39990000000.0,210000.0,61.8
2021-10-01,,6.22,4.6,4460.706522416193,358.3,291800.0,281.7,16900000000.0,531000.0,68.4
2021-09-01,19672600.0,5.39,4.7,4445.543323157054,354.6,338750.0,280.02,29910000000.0,194000.0,64.7
2021-08-01,,5.25,5.2,4454.206783418321,351.7,354000.0,279.34,14380000000.0,235000.0,66.8
2021-07-01,,5.37,5.4,4363.712751328414,348.4,387400.0,279.05,17000000000.0,943000.0,73.4
2021-06-01,19544200.0,5.39,5.9,4238.489334229291,343.3,390750.0,278.14,37690000000.0,850000.0,66.1
2021-05-01,,4.99,5.8,4167.8487928618215,337.4,441200.0,275.72,35280000000.0,559000.0,75.2
2021-04-01,,4.16,6,4141.177074988718,331.2,605000.0,273.7,18610000000.0,266000.0,72.1
2021-03-01,19216224.0,2.62,6,3910.507507792875,324.9,721250.0,271.21,25840000000.0,916000.0,66.3
2021-02-01,,1.68,6.2,3883.431615452678,319.7,782250.0,270.3,27580000000.0,379000.0,59.5
2021-01-01,,1.4,6.4,3793.7474281235336,316.7,855600.0,270.02,-1310000000.0,49000.0,63.8
2020-12-01,18924262.0,1.36,6.7,3695.3104536167434,313.5,832000.0,270.12,9730000000.0,-140000.0,59.5
2020-11-01,,1.17,6.7,3548.9921917468646,310.1,735250.0,269.89,15270000000.0,245000.0,58.2
2020-10-01,,1.18,6.9,3418.700903692111,307.0,805400.0,269.3,7230000000.0,638000.0,61.1
2020-09-01,18743720.0,1.37,7.9,3365.5167163672822,302.6,862750.0,269.26,16210000000.0,661000.0,62.4
2020-08-01,,1.31,8.4,3391.7103357845267,297.7,1028400.0,268.75,-7220000000.0,1371000.0,51.2
2020-07-01,,0.99,10.2,3207.619598463251,293.0,1366000.0,267.72,12250000000.0,1763000.0,51.9
2020-06-01,17378712.0,0.65,11,3104.6603340239312,289.9,1489250.0,266.06,8950000000.0,4800000.0,36.6
2020-05-01,,0.12,13.2,2919.6144503508076,287.3,2517600.0,265.44,-18280000000.0,2509000.0,32.3
2020-04-01,,0.33,14.7,2761.9757439233804,288.3,5029250.0,265.6,-68780000000.0,-20537000.0,35.4
2020-03-01,18989877.0,1.54,4.4,2652.392827369858,287.9,2605750.0,266.8,-12040000000.0,-701000.0,47.8
2020-02-01,,2.33,3.5,3277.3139711279823,287.0,210400.0,267.07,22330000000.0,273000.0,49.0
2020-01-01,,2.49,3.5,3278.203490584896,284.4,211250.0,266.48,12020000000.0,225000.0,42.9
2019-12-01,19215691.0,2.29,3.6,3176.749305649163,283.0,232500.0,265.92,22060000000.0,145000.0,48.9
2019-11-01,,2.05,3.6,3104.903969067806,281.2,215800.0,265.62,12510000000.0,266000.0,46.3
2019-10-01,,1.76,3.6,2977.675945047988,280.2,213500.0,265.01,18910000000.0,128000.0,43.2
2019-09-01,19130932.0,1.71,3.5,2982.1550321347977,279.2,211000.0,264.6,9510000000.0,136000.0,47.1
2019-08-01,,1.75,3.7,2897.4981329061116,277.4,214000.0,264.24,17900000000.0,130000.0,50.4
2019-07-01,,1.81,3.7,2996.1138286493456,276.9,211500.0,263.57,23290000000.0,164000.0,44.4
2019-06-01,18962175.0,1.65,3.6,2890.1662214103494,275.6,220800.0,262.8,14600000000.0,224000.0,49.7
2019-05-01,,1.79,3.6,2854.706237024494,275.0,216500.0,262.03,17090000000.0,75000.0,54.2
2019-04-01,,2,3.6,2903.8009536819854,274.7,212000.0,261.74,17500000000.0,263000.0,52.6
2019-03-01,18835411.0,1.86,3.8,2803.9830600812734,273.4,217200.0,261.37,10280000000.0,196000.0,58.7
2019-02-01,,1.52,3.8,2754.8646377540545,272.8,228500.0,260.99,15190000000.0,20000.0,64.7
2019-01-01,,1.55,4,2607.39082345099,272.0,220250.0,260.7,17050000000.0,304000.0,56.7
2018-12-01,18733741.0,1.91,3.9,2567.306760319462,270.2,219600.0,260.03,16550000000.0,312000.0,65.4
2018-11-01,,2.18,3.8,2723.229515258611,269.2,222000.0,259.48,22150000000.0,155000.0,66.4
2018-10-01,,2.52,3.8,2785.4648783235784,267.9,213250.0,258.94,25380000000.0,250000.0,58.4
2018-09-01,18699748.0,2.28,3.7,2901.500251061937,266.9,205800.0,258.44,10920000000.0,134000.0,60.4
2018-08-01,,2.7,3.8,2857.8209453042296,266.0,212000.0,258.14,20080000000.0,201000.0,63.6
2018-07-01,,2.95,3.8,2793.644122687648,265.0,214000.0,257.93,16640000000.0,157000.0,65.5
2018-06-01,18565697.0,2.87,4,2754.3525409622102,264.0,223200.0,257.3,10210000000.0,213000.0,64.1
2018-05-01,,2.8,3.8,2701.493531000587,263.3,222000.0,256.89,24560000000.0,223000.0,62.7
2018-04-01,,2.46,4,2653.6238607567657,262.5,221250.0,256.45,9260000000.0,164000.0,57.6
2018-03-01,18437127.0,2.36,4,2702.7742885762077,261.7,228600.0,256.2,11620000000.0,103000.0,57.4
2018-02-01,,2.21,4.1,2705.1546934854614,261.1,220750.0,255.75,10600000000.0,313000.0,61.9
2018-01-01,,2.07,4,2789.804027533222,259.3,236000.0,255.29,13910000000.0,200000.0,65.7
2017-12-01,18310300.0,2.11,4.1,2664.3394117341168,256.9,240200.0,254.43,18450000000.0,148000.0,67.6
2017-11-01,,2.2,4.2,2593.606269430073,256.0,241250.0,253.72,27950000000.0,228000.0,63.9
2017-10-01,,2.04,4.2,2556.9974338804377,254.7,231750.0,253.43,20520000000.0,261000.0,66.2
2017-09-01,18127994.0,2.23,4.3,2492.8416942821677,253.0,274600.0,252.86,20830000000.0,-33000.0,65.2
2017-08-01,,1.94,4.4,2456.2218355744403,251.8,235500.0,252.54,13060000000.0,156000.0,58.9
2017-07-01,,1.73,4.3,2454.1026271462647,249.8,242400.0,251.91,18500000000.0,209000.0,58.9
2017-06-01,17979218.0,1.63,4.3,2433.984309220072,249.3,241750.0,251.63,12400000000.0,222000.0,65.7
2017-05-01,,1.87,4.4,2395.345372209512,249.2,237500.0,251.33,18410000000.0,138000.0,59.4
2017-04-01,,2.2,4.4,2359.309161265841,248.2,241400.0,251.17,8200000000.0,211000.0,58.3
2017-03-01,17889094.0,2.38,4.4,2366.822459594312,246.2,250000.0,250.99,16430000000.0,98000.0,57.7
2017-02-01,,2.74,4.6,2329.911285379702,244.8,235000.0,251.3,15210000000.0,235000.0,57.4
2017-01-01,,2.5,4.7,2275.115785004088,242.6,246500.0,250.78,8790000000.0,227000.0,50.3
2016-12-01,17812560.0,2.07,4.7,2246.6291132901074,242.6,257400.0,249.93,14160000000.0,156000.0,54.6
2016-11-01,,1.69,4.7,2164.9866307325956,241.3,252000.0,249.36,24530000000.0,178000.0,57.6
2016-10-01,,1.64,4.9,2143.020615864881,240.2,255600.0,248.98,16020000000.0,161000.0,50.6
2016-09-01,17724489.0,1.46,5,2157.6909258353235,239.2,256250.0,248.61,19290000000.0,156000.0,54.2
2016-08-01,,1.06,4.9,2177.4814186761996,237.9,263000.0,248.34,25870000000.0,151000.0,51.5
2016-07-01,,0.83,4.8,2148.9014113331523,236.1,259200.0,247.71,17710000000.0,255000.0,55.8
2016-06-01,17618581.0,1,4.9,2083.8905386642746,234.8,267000.0,247.5,12320000000.0,287000.0,56.8
2016-05-01,,1.02,4.8,2065.550802588412,234.3,276750.0,247.07,22160000000.0,38000.0,49.3
2016-04-01,,1.13,5.1,2075.5354385157802,233.8,259600.0,246.57,9210000000.0,160000.0,50.4
2016-03-01,17565465.0,0.85,5,2021.9541054837923,233.1,266250.0,246.1,29670000000.0,215000.0,53.6
2016-02-01,,1.02,4.9,1904.4186784249882,231.4,270250.0,245.92,17220000000.0,242000.0,47.6
2016-01-01,,1.37,4.8,1918.5980937244037,230.8,283400.0,245.23,10540000000.0,151000.0,55.6
2015-12-01,17462579.0,0.73,5,2054.079150157996,229.7,276750.0,244.45,21270000000.0,292000.0,42.9
2015-11-01,,0.5,5.1,2080.6155057322376,228.8,269000.0,244.14,13950000000.0,211000.0,48.7
2015-10-01,,0.17,5,2024.8130817406904,227.5,262600.0,243.7,15980000000.0,271000.0,56.2
2015-09-01,17437080.0,-0.04,5,1944.4022999828612,226.5,270750.0,243.21,28920000000.0,142000.0,48.7
2015-08-01,,0.2,5.1,2039.8671374063765,224.9,274800.0,242.69,16020000000.0,173000.0,54.4
2015-07-01,,0.17,5.2,2094.144090132139,224.5,275000.0,242.51,19100000000.0,215000.0,54.7
2015-06-01,17380875.0,0.12,5.3,2099.2831131555677,223.4,274500.0,242.19,20740000000.0,223000.0,49.4
2015-05-01,,-0.04,5.6,2111.941773545472,222.8,272200.0,241.76,16090000000.0,280000.0,46.2
2015-04-01,,-0.2,5.4,2094.8629831876897,221.7,283000.0,241.41,20540000000.0,223000.0,52.3
2015-03-01,17280647.0,-0.07,5.4,2079.9905064565246,221.0,282500.0,240.79,20520000000.0,126000.0,46.3
2015-02-01,,-0.03,5.5,2082.1970558003754,220.5,305000.0,240.25,15520000000.0,295000.0,45.8
2015-01-01,,-0.09,5.7,2028.1793785196573,219.0,292000.0,239.87,11560000000.0,257000.0,59.4
2014-12-01,17141235.0,0.76,5.6,2054.2655216651247,218.6,290250.0,239.34,14750000000.0,252000.0,58.3
2014-11-01,,1.32,5.8,2044.5727394357114,216.9,293800.0,239.33,14080000000.0,321000.0,60.8
2014-10-01,,1.66,5.7,1937.2751299106474,215.4,280250.0,239.16,13230000000.0,214000.0,66.2
2014-09-01,17064616.0,1.66,5.9,1993.226128500611,214.0,293750.0,238.68,15920000000.0,248000.0,60.5
2014-08-01,,1.7,6.1,1961.531500125107,214.0,299600.0,238.34,13520000000.0,142000.0,64.3
2014-07-01,,1.99,6.2,1973.0994342555691,212.7,298000.0,238.31,26010000000.0,209000.0,52.6
2014-06-01,16868109.0,2.07,6.1,1947.0889662094723,212.7,314000.0,238.08,17260000000.0,288000.0,62.6
2014-05-01,,2.13,6.3,1889.7670046475428,212.4,310800.0,237.78,19600000000.0,217000.0,65.5
2014-04-01,,1.95,6.2,1864.2627086515474,211.4,316750.0,237.16,26850000000.0,288000.0,63.0
2014-03-01,16654247.0,1.51,6.7,1863.5243371304578,211.6,319000.0,236.6,17530000000.0,192000.0,55.9
2014-02-01,,1.13,6.7,1817.0349382614268,210.0,338500.0,236.12,16490000000.0,175000.0,59.8
2014-01-01,,1.58,6.6,1822.3565836138823,209.1,332500.0,235.84,13700000000.0,113000.0,59.6
2013-12-01,16712760.0,1.5,6.7,1807.7752055802816,208.4,356000.0,235.5,18760000000.0,74000.0,59.1
2013-11-01,,1.24,6.9,1783.5413553571543,207.1,322400.0,235.24,12320000000.0,203000.0,63.0
2013-10-01,,0.96,7.2,1720.0259449774633,207.2,355500.0,234.88,18190000000.0,204000.0,65.9
2013-09-01,16594743.0,1.18,7.2,1687.1728428288484,206.4,303500.0,234.59,13740000000.0,148000.0,55.7
2013-08-01,,1.52,7.2,1670.0934116476458,205.9,328600.0,234.3,13630000000.0,169000.0,53.0
2013-07-01,,1.96,7.3,1668.6747697077633,205.5,340750.0,234.0,10440000000.0,162000.0,52.3
2013-06-01,16464402.0,1.75,7.5,1618.7719344860423,203.4,344600.0,233.64,13800000000.0,195000.0,51.6
2013-05-01,,1.36,7.5,1639.8438945637552,201.8,344250.0,233.27,19600000000.0,175000.0,58.7
2013-04-01,,1.06,7.6,1570.7023247235725,200.8,340250.0,232.88,11100000000.0,165000.0,49.0
2013-03-01,16441485.0,1.47,7.5,1550.8294300008304,199.1,350000.0,232.76,7970000000.0,88000.0,52.4
2013-02-01,,1.98,7.7,1512.311886792341,196.4,353250.0,232.51,18140000000.0,236000.0,56.8
2013-01-01,,1.59,8,1480.3944883434986,194.6,351000.0,232.11,16150000000.0,157000.0,55.6
2012-12-01,16300035.0,1.74,7.9,1422.2845131770368,193.8,359200.0,231.48,14590000000.0,155000.0,51.6
2012-11-01,,1.76,7.7,1394.511838019828,192.8,399250.0,231.25,16050000000.0,146000.0,50.4
2012-10-01,,2.16,7.8,1437.816842190036,191.6,364750.0,230.99,14200000000.0,171000.0,49.9
2012-09-01,16282151.0,1.99,7.8,1443.4197749086438,191.1,371000.0,230.58,11360000000.0,114000.0,49.7
2012-08-01,,1.69,8.1,1403.4396522499324,191.2,368250.0,230.24,18120000000.0,96000.0,53.0
2012-07-01,,1.41,8.2,1359.7773047096841,190.1,363500.0,230.12,-3280000000.0,163000.0,53.7
2012-06-01,16253726.0,1.66,8.2,1323.4839739021024,189.8,382000.0,229.92,6460000000.0,80000.0,52.9
2012-05-01,,1.7,8.2,1341.2727286740426,188.1,372500.0,229.45,17120000000.0,69000.0,52.7
2012-04-01,,2.3,8.2,1386.429822453833,186.8,379750.0,228.98,6500000000.0,115000.0,56.2
2012-03-01,16179968.0,2.65,8.2,1389.239413393438,185.6,355400.0,228.43,21360000000.0,120000.0,62.2
2012-02-01,,2.87,8.3,1352.487095662829,182.5,352000.0,227.91,8730000000.0,227000.0,64.0
2012-01-01,,2.93,8.3,1300.5776564938285,182.9,373750.0,227.68,17780000000.0,243000.0,60.2
2011-12-01,16048702.0,2.96,8.5,1243.3235567546005,184.2,372800.0,227.17,19310000000.0,200000.0,62.5
2011-11-01,,3.39,8.6,1226.4146271118461,183.8,393250.0,226.84,20370000000.0,120000.0,62.6
2011-10-01,,3.53,8.8,1207.2159399995141,183.0,401400.0,226.44,7650000000.0,80000.0,58.4
2011-09-01,15870684.0,3.87,9,1173.8785726581696,184.4,414000.0,226.14,7390000000.0,103000.0,60.4
2011-08-01,,3.77,9,1185.3053996770886,183.0,407250.0,226.01,-9500000000.0,0.0,56.5
2011-07-01,,3.63,9,1325.1843161122129,184.7,407800.0,225.46,11970000000.0,117000.0,58.8
2011-06-01,15876839.0,3.56,9.1,1287.2879626438194,183.7,424500.0,224.96,15530000000.0,18000.0,61.1
2011-05-01,,3.57,9,1338.3114262236352,181.8,422250.0,224.39,5080000000.0,54000.0,56.6
2011-04-01,,3.16,9.1,1331.505086836582,182.4,420000.0,223.74,6250000000.0,244000.0,67.6
2011-03-01,15769911.0,2.68,9,1304.486608140629,181.3,388000.0,223.33,6020000000.0,216000.0,70.6
2011-02-01,,2.11,9,1321.118864631579,181.8,388000.0,223.03,7620000000.0,192000.0,71.2
2011-01-01,,1.63,9.1,1282.618645,186.5,425400.0,222.59,5010000000.0,36000.0,68.8
2010-12-01,15807995.0,1.5,9.3,1241.525181090909,188.5,412250.0,222.19,6100000000.0,103000.0,68.6
2010-11-01,,1.14,9.8,1198.888309952381,190.0,429250.0,221.98,1350000000.0,39000.0,62.5
2010-10-01,,1.17,9.4,1171.5831928095238,190.8,450000.0,221.76,3400000000.0,151000.0,60.6
2010-09-01,15726282.0,1.14,9.5,1122.0822450476192,190.5,454750.0,221.78,2150000000.0,-95000.0,60.4
2010-08-01,,1.15,9.5,1087.2827696363636,192.8,482250.0,221.78,-3340000000.0,-54000.0,56.7
2010-07-01,,1.24,9.4,1079.8026333333332,192.4,456600.0,221.68,-3630000000.0,-131000.0,62.3
2010-06-01,15605628.0,1.05,9.4,1083.360210590909,195.2,464250.0,221.39,-1340000000.0,-125000.0,59.1
2010-05-01,,2.02,9.6,1125.0636763,196.0,454400.0,221.04,-9150000000.0,431000.0,59.7
2010-04-01,,2.24,9.9,1197.3162544285715,194.7,462000.0,220.77,1000000000.0,290000.0,63.8
2010-03-01,15456059.0,2.31,9.9,1152.0491195652173,193.8,450000.0,220.66,2000000000.0,162000.0,58.8
2010-02-01,,2.14,9.8,1089.1618266315788,193.7,469500.0,220.58,-11500000000.0,-36000.0,62.6
2010-01-01,,2.63,9.8,1123.5814564736843,194.0,462000.0,220.46,5000000000.0,-20000.0,61.5
2009-12-01,15379155.0,2.72,9.9,1110.3778417272727,196.1,459500.0,220.77,-1800000000.0,-85000.0,60.0
2009-11-01,,1.84,9.9,1088.0683477500002,200.4,482500.0,220.53,-17500000000.0,-11000.0,56.1
2009-10-01,,-0.18,10,1067.6641071363638,199.4,521600.0,220.45,-3500000000.0,-190000.0,54.2
2009-09-01,15216647.0,-1.29,9.8,1044.5520427142856,198.9,544000.0,220.05,-14800000000.0,-263000.0,46.1
2009-08-01,,-1.48,9.6,1009.7248825238096,199.6,564800.0,219.69,-12000000000.0,-216000.0,50.0
2009-07-01,,-2.1,9.5,935.8209776363636,200.1,556250.0,219.54,-21500000000.0,-247000.0,43.4
2009-06-01,15161772.0,-1.43,9.5,926.1151662272728,200.1,612500.0,219.34,-10300000000.0,-467000.0,39.9
2009-05-01,,-1.28,9.4,902.408213,199.8,622600.0,218.91,-3300000000.0,-345000.0,34.9
2009-04-01,,-0.74,9,848.1516808571429,198.6,633750.0,218.59,-15700000000.0,-539000.0,40.1
2009-03-01,15187475.0,-0.38,8.7,757.1268634090909,199.3,655250.0,218.04,-11100000000.0,-663000.0,31.4
2009-02-01,,0.24,8.3,805.2270114210527,202.8,639000.0,217.67,-7400000000.0,-651000.0,34.2
2009-01-01,,0.03,7.8,865.57524775,202.7,558800.0,217.26,1800000000.0,-598000.0,33.3
2008-12-01,15366607.0,0.09,7.3,877.5620407727273,199.8,551250.0,216.82,-6600000000.0,-524000.0,34.1
2008-11-01,,1.07,6.8,883.0409938421052,200.7,515400.0,216.85,-8000000000.0,-533000.0,33.8
2008-10-01,,3.66,6.5,968.8013881304348,204.5,474000.0,216.8,-3600000000.0,-240000.0,37.8
2008-09-01,15709562.0,4.94,6.1,1217.0085093333332,206.8,472500.0,216.96,6900000000.0,-159000.0,56.7
2008-08-01,,5.37,6.1,1281.4725302380953,210.1,441200.0,216.65,-7880000000.0,-84000.0,57.9
2008-07-01,,5.6,5.8,1257.3270441363636,212.0,391500.0,216.23,4560000000.0,-51000.0,50.8
2008-06-01,15792773.0,5.02,5.6,1341.251115,,388250.0,215.53,14330000000.0,-62000.0,49.6
2008-05-01,,4.18,5.4,1403.2179914761905,,366000.0,214.83,7780000000.0,-49000.0,49.1
2008-04-01,,3.94,5,1370.467806,,362750.0,214.4,8950000000.0,-20000.0,48.3
2008-03-01,15702906.0,3.98,5.1,1316.9428269,,371000.0,214.18,15290000000.0,-80000.0,48.2
2008-02-01,,4.03,4.9,1354.87284825,,356500.0,213.85,5160000000.0,-63000.0,44.5
2008-01-01,,4.28,5,1378.764066952381,,324750.0,213.76,6900000000.0,-17000.0,51.5
2007-12-01,15767146.0,4.08,5,1479.2280793,,340400.0,213.15,4500000000.0,18000.0,56.6
2007-11-01,,4.31,4.7,1463.3849222857143,,334500.0,212.63,15400000000.0,94000.0,52.9
2007-10-01,,3.54,4.7,1539.6592371304346,,325750.0,212.05,4710000000.0,166000.0,49.7
2007-09-01,15671605.0,2.76,4.7,1497.1157415789476,,312600.0,211.71,3750000000.0,110000.0,54.2
2007-08-01,,1.97,4.6,1454.6156620434783,,323500.0,211.25,12180000000.0,-4000.0,53.8
2007-07-01,,2.36,4.7,1520.7049147142857,,304250.0,210.93,7500000000.0,92000.0,53.4
2007-06-01,15577779.0,2.69,4.6,1514.4895005714286,,315000.0,210.44,13100000000.0,132000.0,60.2
2007-05-01,,2.69,4.4,1511.1365635000002,,302750.0,209.95,12900000000.0,157000.0,61.7
2007-04-01,,2.57,4.5,1463.6475788,,326750.0,209.63,2600000000.0,88000.0,52.9
2007-03-01,15478956.0,2.78,4.4,1406.9514168181818,,318200.0,209.26,13460000000.0,180000.0,61.7
2007-02-01,,2.42,4.5,1444.795392,,334500.0,209.14,2970000000.0,97000.0,47.9
2007-01-01,,2.08,4.6,1424.1625816,,305250.0,208.63,6440000000.0,111000.0,48.8
2006-12-01,15433643.0,2.54,4.4,1416.41977065,,317800.0,208.1,6010000000.0,167000.0,52.4
2006-11-01,,1.97,4.5,1388.6331497142858,,323500.0,207.7,12330000000.0,132000.0,49.9
2006-10-01,,1.31,4.4,1363.3853802727272,,310500.0,207.6,-1200000000.0,92000.0,53.5
2006-09-01,15304517.0,2.06,4.5,1317.8050428000001,,310800.0,207.4,-1200000000.0,51000.0,62.1
2006-08-01,,3.82,4.7,1287.151416652174,,315000.0,206.9,5000000000.0,128000.0,57.1
2006-07-01,,4.15,4.7,1260.2392894500001,,312400.0,206.4,5540000000.0,113000.0,57.9
2006-06-01,15281525.0,4.32,4.6,1253.1227089545455,,304500.0,206.0,10270000000.0,121000.0,56.5
2006-05-01,,4.17,4.6,1290.0011619090908,,339000.0,205.4,4420000000.0,75000.0,61.5
2006-04-01,,3.55,4.7,1302.1844963684212,,310400.0,204.8,10610000000.0,138000.0,57.2
2006-03-01,15244088.0,3.36,4.7,1293.7407273478261,,304000.0,204.2,2520000000.0,211000.0,60.4
2006-02-01,,3.6,4.8,1276.6451951052632,,286500.0,203.5,3260000000.0,243000.0,54.9
2006-01-01,,3.99,4.7,1278.72362085,,284000.0,203.2,3940000000.0,193000.0,58.5
2005-12-01,15041232.0,3.42,4.9,1262.0714476190476,,317400.0,202.8,3350000000.0,108000.0,61.5
2005-11-01,,3.46,5,1237.3686136666668,,321000.0,202.4,-650000000.0,215000.0,61.7
2005-10-01,,4.35,5,1191.9654781428571,,357000.0,201.9,-7200000000.0,56000.0,62.9
2005-09-01,14956291.0,4.69,5,1225.915297,,376250.0,201.4,-600000000.0,-35000.0,60.5
2005-08-01,,3.64,4.9,1224.2706028695652,,314750.0,201.2,4880000000.0,169000.0,49.2
2005-07-01,,3.17,5,1222.23744285,,316000.0,201.0,4390000000.0,207000.0,63.5
2005-06-01,14839707.0,2.53,5,1202.2553236818183,,321750.0,200.7,14510000000.0,146000.0,53.6
2005-05-01,,2.8,5.1,1178.2756496666666,,333500.0,200.5,-3020000000.0,78000.0,54.1
2005-04-01,,3.51,5.2,1164.4231397142855,,322600.0,200.2,1300000000.0,274000.0,65.6
2005-03-01,14767846.0,3.15,5.2,1194.8975467272728,,329750.0,200.1,5500000000.0,110000.0,69.2
2005-02-01,,3.01,5.4,1199.6266374736842,,306750.0,199.4,5600000000.0,262000.0,62.7
2005-01-01,,2.97,5.3,1181.4074061,,338200.0,198.9,11500000000.0,146000.0,62.4
2004-12-01,14605595.0,3.26,5.4,1199.2105066363636,,333250.0,198.5,3100000000.0,157000.0,61.2
2004-11-01,,3.52,5.4,1168.936527904762,,334750.0,198.2,-8700000000.0,112000.0,65.2
2004-10-01,,3.19,5.5,1118.0680768095237,,339600.0,197.9,7700000000.0,337000.0,68.5
2004-09-01,14457832.0,2.54,5.4,1117.655936190476,,342750.0,197.5,9800000000.0,96000.0,61.3
2004-08-01,,2.65,5.4,1088.9361602727274,,342250.0,196.9,-2400000000.0,144000.0,57.3
2004-07-01,,2.99,5.5,1105.8463603809523,,334200.0,196.8,10900000000.0,32000.0,64.7
2004-06-01,14323017.0,3.27,5.6,1132.7571813809523,,347000.0,196.6,6600000000.0,112000.0,56.4
2004-05-01,,3.05,5.6,1102.78150245,,342666.6666666667,196.4,8200000000.0,248000.0,68.0
2004-04-01,,2.29,5.6,1133.0785979047619,,,196.0,3900000000.0,,63.9
2004-03-01,14212340.0,1.74,5.8,1123.9799750434781,,,195.5,,,
2004-02-01,,1.69,5.6,1143.3566173157894,,,194.8,,,
2004-01-01,,1.93,5.7,1132.51744195,,,194.4,,,
2003-12-01,14131379.0,1.88,5.7,1080.635463909091,,,194.2,,,
2003-11-01,,1.77,5.8,1049.900554,,,194.0,,,
2003-10-01,,2.04,6,1038.7340848695653,,,194.1,,,
2003-09-01,13970157.0,2.32,6.1,1019.4416527619048,,,193.7,,,
2003-08-01,,2.16,6.1,989.532437904762,,,193.6,,,
2003-07-01,,2.11,6.2,992.536208,,,193.4,,,
2003-06-01,13741107.0,2.11,6.3,987.9962206666665,,,193.0,,,
2003-05-01,,2.06,6.1,935.9623154761905,,,193.0,,,
2003-04-01,,2.22,6,890.0253570476191,,,192.5,,,
2003-03-01,13619434.0,3.02,5.9,846.6208121904763,,,192.5,,,
2003-02-01,,2.98,5.9,837.6193632631579,,,192.5,,,
2003-01-01,,2.6,5.8,895.83698,,,192.3,,,
2002-12-01,13549421.0,2.38,6,899.1781682380953,,,192.0,,,
2002-11-01,,2.2,5.9,909.92725345,,,191.9,,,
2002-10-01,,2.03,5.7,854.6316275652174,,,191.6,,,
2002-09-01,13531741.0,1.51,5.7,867.8108216999999,,,191.3,,,
2002-08-01,,1.8,5.7,912.5544024090909,,,191.1,,,
2002-07-01,,1.46,5.8,903.5906283181819,,,190.5,,,
2002-06-01,13477356.0,1.07,5.8,1014.0460577,,,190.2,,,
2002-05-01,,1.18,5.8,1079.2658366363637,,,190.1,,,
2002-04-01,,1.64,5.9,1112.0350687272728,,,189.8,,,
2002-03-01,13394910.0,1.48,5.7,1153.78949145,,,189.3,,,
2002-02-01,,1.14,5.7,1100.6680976842106,,,189.1,,,
2002-01-01,,1.14,5.7,1140.2077654285715,,,188.6,,,
2001-12-01,13284881.0,1.55,5.7,1144.9301532,,,188.6,,,
2001-11-01,,1.9,5.5,1129.6833333333332,,,188.4,,,
2001-10-01,,2.13,5.3,1076.5904347826088,,,187.7,,,
2001-09-01,13248142.0,2.65,5,1044.644,,,187.4,,,
2001-08-01,,2.72,4.9,1178.5056521739132,,,187.0,,,
2001-07-01,,2.72,4.6,1204.4490476190476,,,186.6,,,
2001-06-01,13301394.0,3.25,4.5,1238.712380952381,,,186.3,,,
2001-05-01,,3.62,4.3,1270.3686363636364,,,185.7,,,
2001-04-01,,3.27,4.4,1189.8375,,,185.5,,,
2001-03-01,13219251.0,2.92,4.3,1185.8500000000001,,,185.1,,,
2001-02-01,,3.53,4.2,1305.7515789473684,,,184.7,,,
2001-01-01,,3.73,4.2,1335.6280952380953,,,184.1,,,
2000-12-01,13262250.0,3.39,3.9,1330.9305,,,183.5,,,
2000-11-01,,3.45,3.9,1375.0366666666666,,,183.4,,,
2000-10-01,,3.45,3.9,1390.144090909091,,,182.9,,,
2000-09-01,13183890.0,3.45,3.9,1468.0539999999999,,,182.6,,,
2000-08-01,,3.41,4.1,1485.4582608695653,,,182.0,,,
2000-07-01,,3.66,4,1473.0025,,,181.6,,,
2000-06-01,13170749.0,3.73,4,1461.959090909091,,,181.2,,,
2000-05-01,,3.19,4,1418.4795454545454,,,180.9,,,
2000-04-01,,3.07,3.8,1461.3552631578948,,,180.6,,,
2000-03-01,12935252.0,3.76,4,1442.213043478261,,,180.3,,,
2000-02-01,,3.22,4.1,1388.874,,,179.5,,,
2000-01-01,,2.74,4,1425.5855,,,179.2,,,
1999-12-01,12888281.0,2.68,4,1428.6836363636364,,,179.0,,,
1999-11-01,,2.62,4.1,1391.0028571428572,,,178.8,,,
1999-10-01,,2.56,4.1,1300.01,,,178.4,,,
1999-09-01,12679977.0,2.63,4.2,1318.171904761905,,,178.1,,,
1999-08-01,,2.26,4.2,1327.4886363636363,,,177.5,,,
1999-07-01,,2.14,4.3,1380.99,,,177.3,,,
1999-06-01,12514408.0,1.96,4.3,1322.5527272727272,,,177.0,,,
1999-05-01,,2.09,4.2,1332.074,,,176.9,,,
1999-04-01,,2.28,4.3,1334.757619047619,,,176.7,,,
1999-03-01,12410778.0,1.73,4.2,1281.6639130434783,,,176.0,,,
1999-02-01,,1.61,4.4,1246.582105263158,,,175.8,,,
1999-01-01,,1.67,4.3,1248.7747368421053,,,175.7,,,
1998-12-01,12294737.0,1.61,4.4,1190.050909090909,,,175.6,,,
1998-11-01,,1.55,4.4,1144.4334999999999,,,175.1,,,
1998-10-01,,1.49,4.5,1032.47,,,174.8,,,
1998-09-01,12099191.0,1.49,4.6,1020.6395238095238,,,174.5,,,
1998-08-01,,1.62,4.5,1074.6204761904762,,,174.2,,,
1998-07-01,,1.68,4.5,1156.5772727272727,,,173.8,,,
1998-06-01,11949492.0,1.68,4.5,1108.3895454545454,,,173.5,,,
1998-05-01,,1.69,4.4,1108.417,,,173.3,,,
1998-04-01,,1.44,4.3,1112.1961904761904,,,172.9,,,
1998-03-01,11839876.0,1.38,4.7,1076.8254545454545,,,172.4,,,
1998-02-01,,1.44,4.6,1023.7421052631578,,,172.2,,,
1998-01-01,,1.57,4.6,963.359,,,171.7,,,
1997-12-01,11722722.0,1.7,4.7,962.3659090909091,,,171.4,,,
1997-11-01,,1.83,4.6,938.9236842105263,,,171.0,,,
1997-10-01,,2.08,4.7,951.158695652174,,,170.8,,,
1997-09-01,11622911.0,2.15,4.9,937.0242857142856,,,170.4,,,
1997-08-01,,2.23,4.8,927.7361904761905,,,170.1,,,
1997-07-01,,2.23,4.9,925.2936363636363,,,170.0,,,
1997-06-01,11479330.0,2.3,5,876.2871428571428,,,169.7,,,
1997-05-01,,2.23,4.9,833.0890476190476,,,169.5,,,
1997-04-01,,2.5,5.1,763.9281818181818,,,169.2,,,
1997-03-01,11291665.0,2.76,5.2,792.1555000000001,,,168.7,,,
1997-02-01,,3.03,5.2,798.3878947368421,,,168.3,,,
1997-01-01,,3.04,5.3,766.2168181818182,,,167.9,,,
1996-12-01,11219238.0,3.32,5.4,743.2528571428571,,,167.6,,,
1996-11-01,,3.26,5.4,735.669,,,167.4,,,
1996-10-01,,2.99,5.2,701.455652173913,,,,,,
1996-09-01,11103935.0,3,5.2,674.8845,,,,,,
1996-08-01,,2.88,5.1,662.6822727272728,,,,,,
1996-07-01,,2.95,5.5,644.0704545454545,,,,,,
1996-06-01,11005217.0,2.75,5.3,668.499,,,,,,
1996-05-01,,2.89,5.6,661.2304545454546,,,,,,
1996-04-01,,2.9,5.6,647.1728571428572,,,,,,
1996-03-01,10824674.0,2.84,5.5,647.0747619047619,,,,,,
1996-02-01,,2.65,5.5,649.542,,,,,,
1996-01-01,,2.73,5.6,614.42,,,,,,
1995-12-01,10744203.0,2.54,5.6,614.5715,,,,,,
1995-11-01,,2.61,5.6,595.532380952381,,,,,,
1995-10-01,,2.81,5.5,582.9181818181819,,,,,,
1995-09-01,10671738.0,2.54,5.6,578.7655,,,,,,
1995-08-01,,2.62,5.7,559.11,,,,,,
1995-07-01,,2.76,5.7,557.3665,,,,,,
1995-06-01,10581723.0,3.04,5.6,539.3540909090909,,,,,,
1995-05-01,,3.19,5.6,523.8136363636363,,,,,,
1995-04-01,,3.05,5.8,507.90578947368414,,,,,,
1995-03-01,10550251.0,2.85,5.4,493.1534782608696,,,,,,
1995-02-01,,2.86,5.4,481.92473684210523,,,,,,
1995-01-01,,2.8,5.6,465.25,,,,,,
1994-12-01,10512962.0,2.67,5.5,455.18571428571425,,,,,,
1994-11-01,,2.67,5.6,461.0133333333334,,,,,,
1994-10-01,,2.61,5.8,463.8128571428571,,,,,,
1994-09-01,10393898.0,2.96,5.9,466.9557142857143,,,,,,
1994-08-01,,2.9,6,464.2434782608696,,,,,,
1994-07-01,,2.77,6.1,451.4005,,,,,,
1994-06-01,10333495.0,2.49,6.1,454.8259090909091,,,,,,
1994-05-01,,2.29,6.1,450.8985714285715,,,,,,
1994-04-01,,2.36,6.4,447.2321052631579,,,,,,
1994-03-01,10195338.0,2.51,6.5,463.80782608695654,,,,,,
1994-02-01,,2.52,6.6,471.58000000000004,,,,,,
1994-01-01,,2.52,6.6,472.99285714285713,,,,,,
1993-12-01,10097362.0,2.75,6.5,465.94545454545454,,,,,,
1993-11-01,,2.68,6.6,462.89047619047625,,,,,,
1993-10-01,,2.75,6.8,463.9004761904762,,,,,,
1993-09-01,9961873.0,2.69,6.7,459.2352380952381,,,,,,
1993-08-01,,2.77,6.8,454.12772727272727,,,,,,
1993-07-01,,2.78,6.9,447.2871428571429,,,,,,
1993-06-01,9914565.0,3,7,448.05954545454546,,,,,,
1993-05-01,,3.22,7.1,445.2465,,,,,,
1993-04-01,,3.23,7.1,443.077619047619,,,,,,
1993-03-01,9857185.0,3.09,7,450.15521739130435,,,,,,
1993-02-01,,3.25,7.1,441.70421052631576,,,,,,
1993-01-01,,3.26,7.3,435.229,,,,,,
1992-12-01,9840753.0,2.9,7.4,435.63954545454544,,,,,,
1992-11-01,,3.05,7.4,422.84399999999994,,,,,,
1992-10-01,,3.2,7.3,412.50272727272727,,,,,,
1992-09-01,9739185.0,2.99,7.6,418.4771428571429,,,,,,
1992-08-01,,3.15,7.6,417.9266666666666,,,,,,
1992-07-01,,3.16,7.7,415.0513636363636,,,,,,
1992-06-01,9643893.0,3.09,7.8,408.27409090909094,,,,,,
1992-05-01,,3.02,7.6,414.81450000000007,,,,,,
1992-04-01,,3.18,7.4,407.4066666666667,,,,,,
1992-03-01,9540444.0,3.19,7.4,407.36454545454546,,,,,,
1992-02-01,,2.82,7.4,412.5573684210526,,,,,,
1992-01-01,,2.6,7.3,416.0759090909091,,,,,,
1991-12-01,9427581.0,3.06,7.3,388.51047619047614,,,,,,
1991-11-01,,2.99,7,385.9195,,,,,,
1991-10-01,,2.92,7,386.88347826086954,,,,,,
1991-09-01,9394834.0,3.39,6.9,387.1985,,,,,,
1991-08-01,,3.8,6.9,389.40318181818185,,,,,,
1991-07-01,,4.45,6.8,380.22681818181815,,,,,,
1991-06-01,9347597.0,4.7,6.9,378.293,,,,,,
1991-05-01,,4.95,6.9,377.9927272727273,,,,,,
1991-04-01,,4.89,6.7,379.6790909090909,,,,,,
1991-03-01,9275276.0,4.9,6.8,372.279,,,,,,
1991-02-01,,5.31,6.6,362.2631578947368,,,,,,
1991-01-01,,5.65,6.4,325.48545454545456,,,,,,
1990-12-01,9318876.0,6.11,6.3,328.7495,,,,,,
1990-11-01,,6.27,6.2,315.2909523809524,,,,,,
1990-10-01,,6.29,5.9,307.1247826086956,,,,,,
1990-09-01,9404494.0,6.16,5.9,315.40684210526314,,,,,,
1990-08-01,,5.62,5.7,330.74652173913046,,,,,,
1990-07-01,,4.82,5.5,360.0309523809524,,,,,,
1990-06-01,9398243.0,4.67,5.2,360.38666666666666,,,,,,
1990-05-01,,4.36,5.4,350.25,,,,,,
1990-04-01,,4.71,5.4,338.178,,,,,,
1990-03-01,9364259.0,5.23,5.2,338.46500000000003,,,,,,
1990-02-01,,5.26,5.3,330.4526315789474,,,,,,
1990-01-01,,5.2,5.4,339.9718181818182,,,,,,
1989-12-01,9263033.0,4.65,5.4,348.568,,,,,,
1989-11-01,,4.66,5.4,340.2190476190476,,,,,,
1989-10-01,,4.49,5.3,347.3959090909091,,,,,,
1989-09-01,9244816.0,4.34,5.3,347.3295,,,,,,
1989-08-01,,4.71,5.2,346.6078260869565,,,,,,
1989-07-01,,4.98,5.2,331.9265,,,,,,
1989-06-01,9176827.0,5.17,5.3,323.7277272727273,,,,,,
1989-05-01,,5.36,5.2,313.93,,,,,,
1989-04-01,,5.12,5.2,302.25100000000003,,,,,,
1989-03-01,9107314.0,4.98,5,292.7131818181818,,,,,,
1989-02-01,,4.83,5.2,294.01105263157893,,,,,,
1989-01-01,,4.67,5.4,285.41333333333336,,,,,,
1988-12-01,9015661.0,4.42,5.3,276.5138095238095,,,,,,
1988-11-01,,4.25,5.3,271.0242857142857,,,,,,
1988-10-01,,4.25,5.4,277.3957142857143,,,,,,
1988-09-01,8897107.0,4.17,5.4,267.96999999999997,,,,,,
1988-08-01,,4.02,5.6,263.7265217391304,,,,,,
1988-07-01,,4.13,5.4,269.04949999999997,,,,,,
1988-06-01,8845280.0,3.96,5.4,270.6827272727273,,,,,,
1988-05-01,,3.89,5.6,256.12380952380954,,,,,,
1988-04-01,,3.9,5.4,262.6125,,,,,,
1988-03-01,8730569.0,3.93,5.7,265.73739130434785,,,,,,
1988-02-01,,3.94,5.7,258.128,,,,,,
1988-01-01,,4.05,5.7,250.4765,,,,,,
1987-12-01,8685694.0,4.43,5.7,240.955,,,,,,
1987-11-01,,4.53,5.8,245.0085,,,,,,
1987-10-01,,4.53,6,280.1640909090909,,,,,,
1987-09-01,8539075.0,4.36,5.9,318.6609523809524,,,,,,
1987-08-01,,4.28,6,329.3580952380952,,,,,,
1987-07-01,,3.93,6.1,310.0872727272727,,,,,,
1987-06-01,8465630.0,3.65,6.2,301.3840909090909,,,,,,
1987-05-01,,3.86,6.3,289.1155,,,,,,
1987-04-01,,3.78,6.3,289.32238095238097,,,,,,
1987-03-01,8375274.0,3.03,6.6,292.4713636363636,,,,,,
1987-02-01,,2.1,6.6,280.9342105263158,,,,,,
1987-01-01,,1.46,6.6,264.51142857142855,,,,,,
1986-12-01,8313338.0,1.1,6.6,248.60545454545453,,,,,,
1986-11-01,,1.28,6.9,245.0926315789474,,,,,,
1986-10-01,,1.47,7,237.35608695652172,,,,,,
1986-09-01,8268935.0,1.75,7,238.2690476190476,,,,,,
1986-08-01,,1.57,6.9,245.0009523809524,,,,,,
1986-07-01,,1.58,7,240.18,,,,,,
1986-06-01,8190552.0,1.77,7.2,245.2957142857143,,,,,,
1986-05-01,,1.49,7.2,238.45904761904762,,,,,,
1986-04-01,,1.59,7.1,237.96772727272727,,,,,,
1986-03-01,8153829.0,2.26,7.2,232.327,,,,,,
1986-02-01,,3.11,7.2,219.3652631578947,,,,,,
1986-01-01,,3.89,6.7,208.19409090909093,,,,,,
1985-12-01,8078415.0,3.8,7,207.25761904761904,,,,,,
1985-11-01,,3.51,7,197.44549999999998,,,,,,
1985-10-01,,3.23,7.1,186.18043478260867,,,,,,
1985-09-01,8018809.0,3.14,7.1,184.0605,,,,,,
1985-08-01,,3.35,7.1,188.3063636363636,,,,,,
1985-07-01,,3.55,7.4,192.54454545454544,,,,,,
1985-06-01,7898194.0,3.76,7.4,188.886,,,,,,
1985-05-01,,3.77,7.2,184.89909090909092,,,,,,
1985-04-01,,3.69,7.3,180.6185714285714,,,,,,
1985-03-01,7829260.0,3.7,7.2,179.42,,,,,,
1985-02-01,,3.52,7.2,180.88473684210527,,,,,,
1985-01-01,,3.53,7.3,171.61272727272728,,,,,,
1984-12-01,7754117.0,3.95,7.3,164.48,,,,,,
1984-11-01,,4.05,7.2,166.27285714285713,,,,,,
1984-10-01,,4.26,7.4,164.81869565217391,,,,,,
1984-09-01,7690985.0,4.27,7.3,166.11263157894737,,,,,,
1984-08-01,,4.29,7.5,164.42086956521737,,,,,,
1984-07-01,,4.2,7.5,151.07809523809524,,,,,,
1984-06-01,7617547.0,4.22,7.2,153.1247619047619,,,,,,
1984-05-01,,4.23,7.4,156.55090909090907,,,,,,
1984-04-01,,4.56,7.7,157.6015,,,,,,
1984-03-01,7488167.0,4.8,7.8,157.43863636363636,,,,,,
1984-02-01,,4.6,7.8,157.25050000000002,,,,,,
1984-01-01,,4.19,8,166.39238095238096,,,,,,
1983-12-01,7344597.0,3.79,8.3,164.3652380952381,,,,,,
1983-11-01,,3.27,8.5,165.23,,,,,,
1983-10-01,,2.85,8.8,167.6547619047619,,,,,,
1983-09-01,7194504.0,2.86,9.2,167.16142857142856,,,,,,
1983-08-01,,2.56,9.5,162.4186956521739,,,,,,
1983-07-01,,2.46,9.4,166.956,,,,,,
1983-06-01,7053500.0,2.58,10.1,166.39,,,,,,
1983-05-01,,3.55,10.1,164.09666666666666,,,,,,
1983-04-01,,3.9,10.2,157.7105,,,,,,
1983-03-01,6896561.0,3.6,10.3,151.87565217391304,,,,,,
1983-02-01,,3.49,10.4,146.79526315789474,,,,,,
1983-01-01,,3.71,10.4,144.2657142857143,,,,,,
1982-12-01,6806857.0,3.83,10.8,139.3659090909091,,,,,,
1982-11-01,,4.59,10.8,138.10238095238097,,,,,,
1982-10-01,,5.14,10.4,132.70761904761906,,,,,,
1982-09-01,6804139.0,5.04,10.1,122.43285714285715,,,,,,
1982-08-01,,5.85,9.8,109.65045454545454,,,,,,
1982-07-01,,6.44,9.8,109.37571428571428,,,,,,
1982-06-01,6830251.0,7.06,9.6,109.71,,,,,,
1982-05-01,,6.68,9.4,116.3525,,,,,,
1982-04-01,,6.51,9.3,116.30666666666667,,,,,,
1982-03-01,6799233.0,6.78,9,110.84217391304347,,,,,,
1982-02-01,,7.62,8.9,114.49526315789473,,,,,,
1982-01-01,,8.39,8.6,117.27650000000001,,,,,,
1981-12-01,6906529.0,8.92,8.5,123.7940909090909,,,,,,
1981-11-01,,9.59,8.3,122.9195,,,,,,
1981-10-01,,10.14,7.9,119.80681818181819,,,,,,
1981-09-01,6982609.0,10.95,7.6,118.2695238095238,,,,,,
1981-08-01,,10.8,7.4,129.7152380952381,,,,,,
1981-07-01,,10.76,7.2,129.12863636363636,,,,,,
1981-06-01,6899980.0,9.55,7.5,132.27772727272728,,,,,,
1981-05-01,,9.78,7.5,131.727,,,,,,
1981-04-01,,10,7.2,134.45904761904762,,,,,,
1981-03-01,6951495.0,10.49,7.4,133.185,,,,,,
1981-02-01,,11.41,7.4,128.39526315789476,,,,,,
1981-01-01,,11.83,7.5,132.96571428571428,,,,,,
1980-12-01,6817903.0,12.52,7.2,133.48318181818183,,,,,,
1980-11-01,,12.65,7.5,135.65444444444447,,,,,,
1980-10-01,,12.77,7.5,130.22173913043477,,,,,,
1980-09-01,6693082.0,12.6,7.5,126.51190476190476,,,,,,
1980-08-01,,12.87,7.7,123.49666666666666,,,,,,
1980-07-01,,13.13,7.8,119.83272727272728,,,,,,
1980-06-01,6701046.0,14.38,7.6,114.54666666666667,,,,,,
1980-05-01,,14.41,7.5,107.69428571428571,,,,,,
1980-04-01,,14.73,6.9,102.96666666666667,,,,,,
1980-03-01,6842024.0,14.76,6.3,104.68619047619048,,,,,,
1980-02-01,,14.18,6.3,115.33900000000001,,,,,,
1980-01-01,,13.91,6.3,110.91181818181818,,,,,,
1979-12-01,6820572.0,13.29,6,107.78699999999999,,,,,,
1979-11-01,,12.61,5.9,103.66380952380953,,,,,,
1979-10-01,,12.07,6,104.47304347826088,,,,,,
1979-09-01,6803558.0,12.18,5.9,108.59684210526316,,,,,,
1979-08-01,,11.82,6,107.35608695652174,,,,,,
1979-07-01,,11.26,5.7,102.71142857142857,,,,,,
1979-06-01,6753389.0,10.89,5.7,101.72761904761906,,,,,,
1979-05-01,,10.85,5.6,99.72727272727273,,,,,,
1979-04-01,,10.49,5.8,102.066,,,,,,
1979-03-01,6746176.0,10.09,5.8,100.11227272727274,,,,,,
1979-02-01,,9.86,5.9,98.22947368421053,,,,,,
1979-01-01,,9.28,5.9,99.70499999999998,,,,,,
1978-12-01,6734069.0,9.02,6,96.1075,,,,,,
1978-11-01,,8.89,5.9,94.70952380952382,,,,,,
1978-10-01,,8.93,5.8,100.58363636363637,,,,,,
1978-09-01,6644754.0,8.31,6,104.0135,,,,,,
1978-08-01,,7.84,5.9,103.92173913043477,,,,,,
1978-07-01,,7.7,6.2,97.1925,,,,,,
1978-06-01,6578605.0,7.41,5.9,97.66181818181818,,,,,,
1978-05-01,,6.97,6,97.41454545454545,,,,,,
1978-04-01,,6.5,6.1,92.7105,,,,,,
1978-03-01,6333848.0,6.55,6.3,88.81954545454545,,,,,,
1978-02-01,,6.43,6.3,88.97526315789473,,,,,,
1978-01-01,,6.84,6.4,90.25428571428571,,,,,,
1977-12-01,6313697.0,6.7,6.4,93.82047619047619,,,,,,
1977-11-01,,6.72,6.8,94.28333333333333,,,,,,
1977-10-01,,6.39,6.8,93.7395238095238,,,,,,
1977-09-01,6313559.0,6.6,6.8,96.23238095238096,,,,,,
1977-08-01,,6.62,7,97.75,,,,,,
1977-07-01,,6.83,6.9,100.17842105263158,,,,,,
1977-06-01,6201659.0,6.87,7.2,99.28590909090909,,,,,,
1977-05-01,,6.73,7,98.76047619047618,,,,,,
1977-04-01,,6.95,7.2,99.05,,,,,,
1977-03-01,6083391.0,6.44,7.4,100.57826086956523,,,,,,
1977-02-01,,5.91,7.6,100.9557894736842,,,,,,
1977-01-01,,5.22,7.5,103.81333333333333,,,,,,
1976-12-01,6012356.0,4.86,7.8,104.66090909090909,,,,,,
1976-11-01,,4.88,7.8,101.1935,,,,,,
1976-10-01,,5.46,7.7,101.88523809523811,,,,,,
1976-09-01,5969089.0,5.49,7.6,105.45333333333333,,,,,,
1976-08-01,,5.71,7.8,103.29181818181819,,,,,,
1976-07-01,,5.35,7.8,104.20095238095239,,,,,,
1976-06-01,5936515.0,5.97,7.6,101.76681818181818,,,,,,
1976-05-01,,6.2,7.4,101.162,,,,,,
1976-04-01,,6.05,7.7,101.92952380952381,,,,,,
1976-03-01,5893276.0,6.07,7.6,101.08347826086957,,,,,,
1976-02-01,,6.29,7.7,100.63947368421053,,,,,,
1976-01-01,,6.72,7.9,96.85952380952381,,,,,,
1975-12-01,5763665.0,6.94,8.2,88.70045454545455,,,,,,
1975-11-01,,7.38,8.3,90.06526315789473,,,,,,
1975-10-01,,7.44,8.4,88.57434782608696,,,,,,
1975-09-01,5687087.0,7.91,8.4,84.67238095238095,,,,,,
1975-08-01,,8.6,8.4,85.71380952380953,,,,,,
1975-07-01,,9.72,8.6,92.48727272727272,,,,,,
1975-06-01,5591382.0,9.39,8.8,92.39714285714285,,,,,,
1975-05-01,,9.47,9,90.09619047619047,,,,,,
1975-04-01,,10.21,8.8,84.72318181818183,,,,,,
1975-03-01,5551713.0,10.25,8.6,83.78200000000001,,,,,,
1975-02-01,,11.23,8.1,80.09684210526315,,,,,,
1975-01-01,,11.8,8.1,72.56409090909091,,,,,,
1974-12-01,5620126.0,12.34,7.2,67.07333333333334,,,,,,
1974-11-01,,12.2,6.6,71.737,,,,,,
1974-10-01,,12.06,6,69.44,,,,,,
1974-09-01,5642025.0,11.95,5.9,68.123,,,,,,
1974-08-01,,10.86,5.5,76.02499999999999,,,,,,
1974-07-01,,11.51,5.5,82.8190909090909,,,,,,
1974-06-01,5695859.0,10.86,5.4,89.7895,,,,,,
1974-05-01,,10.71,5.1,89.66727272727273,,,,,,
1974-04-01,,10.09,5.1,92.45619047619047,,,,,,
1974-03-01,5682353.0,10.39,5.1,97.43904761904761,,,,,,
1974-02-01,,10.02,5.2,93.45315789473683,,,,,,
1974-01-01,,9.39,5.1,96.11,,,,,,
1973-12-01,5731632.0,8.71,4.9,94.784,,,,,,
1973-11-01,,8.25,4.8,102.03285714285714,,,,,,
1973-10-01,,7.8,4.6,109.84434782608696,,,,,,
1973-09-01,5677738.0,7.36,4.8,105.65789473684211,,,,,,
1973-08-01,,7.38,4.8,103.7995652173913,,,,,,
1973-07-01,,5.73,4.8,105.83428571428571,,,,,,
1973-06-01,5707755.0,6,4.9,104.7547619047619,,,,,,
1973-05-01,,5.53,4.9,107.21954545454545,,,,,,
1973-04-01,,5.06,5,110.274,,,,,,
1973-03-01,5646286.0,4.59,4.9,112.41545454545454,,,,,,
1973-02-01,,3.87,5,114.16421052631578,,,,,,
1973-01-01,,3.65,4.9,118.42190476190477,,,,,,
1972-12-01,5509926.0,3.41,5.2,117.49736842105263,,,,,,
1972-11-01,,3.67,5.3,115.047,,,,,,
1972-10-01,,3.42,5.6,109.56272727272727,,,,,,
1972-09-01,5419184.0,3.19,5.5,109.39200000000001,,,,,,
1972-08-01,,2.94,5.6,111.00739130434783,,,,,,
1972-07-01,,2.95,5.6,107.2115,,,,,,
1972-06-01,5368485.0,2.71,5.7,108.01045454545455,,,,,,
1972-05-01,,3.23,5.7,107.64545454545454,,,,,,
1972-04-01,,3.49,5.7,108.80550000000001,,,,,,
1972-03-01,5249337.0,3.5,5.8,107.6691304347826,,,,,,
1972-02-01,,3.51,5.7,105.24300000000001,,,,,,
1972-01-01,,3.27,5.8,103.30285714285715,,,,,,
1971-12-01,5154547.0,3.27,6,99.17363636363638,,,,,,
1971-11-01,,3.28,6,92.78285714285714,,,,,,
1971-10-01,,3.81,5.8,97.29761904761905,,,,,,
1971-09-01,5142422.0,4.08,6,99.4047619047619,,,,,,
1971-08-01,,4.62,6.1,97.24772727272726,,,,,,
1971-07-01,,4.36,6,99.00333333333334,,,,,,
1971-06-01,5100447.0,4.64,5.9,99.72136363636363,,,,,,
1971-05-01,,4.4,5.9,101.644,,,,,,
1971-04-01,,4.16,5.9,103.04190476190476,,,,,,
1971-03-01,5072996.0,4.71,6,99.60347826086957,,,,,,
1971-02-01,,5,5.9,97.11000000000001,,,,,,
1971-01-01,,5.29,5.9,93.49600000000001,,,,,,
1970-12-01,4938857.0,5.57,6.1,90.05454545454546,,,,,,
1970-11-01,,5.6,5.9,84.28450000000001,,,,,,
1970-10-01,,5.63,5.5,84.37,,,,,,
1970-09-01,4992357.0,5.66,5.4,82.58380952380952,,,,,,
1970-08-01,,5.41,5.1,77.91809523809523,,,,,,
1970-07-01,,5.98,5,75.72227272727274,,,,,,
1970-06-01,4946770.0,6.01,4.9,75.58954545454546,,,,,,
1970-05-01,,6.04,4.8,76.06142857142856,,,,,,
1970-04-01,,6.06,4.6,85.95227272727273,,,,,,
1970-03-01,4939759.0,5.82,4.4,88.75190476190475,,,,,,
1970-02-01,,6.15,4.2,87.16421052631578,,,,,,
1970-01-01,,6.18,3.9,90.31,,,,,,
1969-12-01,4947104.0,6.2,3.5,91.11045454545454,,,,,,
1969-11-01,,5.93,3.5,96.20526315789475,,,,,,
1969-10-01,,5.67,3.7,95.53478260869566,,,,,,
1969-09-01,4971349.0,5.7,3.7,94.50619047619048,,,,,,
1969-08-01,,5.71,3.5,94.18333333333332,,,,,,
1969-07-01,,5.44,3.5,94.71190476190476,,,,,,
1969-06-01,4938728.0,5.48,3.5,99.11714285714285,,,,,,
1969-05-01,,5.51,3.4,104.62190476190476,,,,,,
1969-04-01,,5.52,3.4,101.26285714285714,,,,,,
1969-03-01,4923760.0,5.25,3.4,99.4095238095238,,,,,,
1969-02-01,,4.68,3.4,101.4688888888889,,,,,,
1969-01-01,,4.4,3.4,102.04318181818181,,,,,,
1968-12-01,4847885.0,4.72,3.4,106.47555555555556,,,,,,
1968-11-01,,4.73,3.4,105.40058823529411,,,,,,
1968-10-01,,4.75,3.4,103.78944444444444,,,,,,
1968-09-01,4828892.0,4.46,3.4,101.34,,,,,,
1968-08-01,,4.48,3.5,98.11388888888888,,,,,,
1968-07-01,,4.49,3.7,100.29529411764706,,,,,,
1968-06-01,4791758.0,4.2,3.7,100.5264705882353,,,,,,
1968-05-01,,3.92,3.5,97.86545454545454,,,,,,
1968-04-01,,3.93,3.5,95.671,,,,,,
1968-03-01,4713013.0,3.94,3.7,89.09285714285714,,,,,,
1968-02-01,,3.95,3.8,90.75315789473684,,,,,,
1968-01-01,,3.65,3.7,95.03772727272727,,,,,,
1967-12-01,4618812.0,3.04,3.8,95.3025,,,,,,
1967-11-01,,2.74,3.9,92.66,,,,,,
1967-10-01,,2.43,4,95.66363636363636,,,,,,
1967-09-01,4584246.0,2.75,3.8,95.809,,,,,,
1967-08-01,,2.45,3.8,94.49391304347827,,,,,,
1967-07-01,,2.77,3.8,93.014,,,,,,
1967-06-01,4541280.0,2.78,3.9,91.43363636363637,,,,,,
1967-05-01,,2.79,3.8,92.59181818181818,,,,,,
1967-04-01,,2.48,3.8,90.9595,,,,,,
1967-03-01,4538498.0,2.8,3.8,89.41772727272728,,,,,,
1967-02-01,,2.81,3.8,87.35947368421053,,,,,,
1967-01-01,,3.46,3.9,84.4504761904762,,,,,,
1966-12-01,4498660.0,3.46,3.8,81.32714285714285,,,,,,
1966-11-01,,3.79,3.6,80.9945,,,,,,
1966-10-01,,3.79,3.7,77.12904761904763,,,,,,
1966-09-01,4462053.0,3.48,3.7,77.81333333333333,,,,,,
1966-08-01,,3.48,3.8,80.65086956521739,,,,,,
1966-07-01,,2.85,3.8,85.8385,,,,,,
1966-06-01,4424581.0,2.53,3.8,86.06,,,,,,
1966-05-01,,2.87,3.9,86.78190476190477,,,,,,
1966-04-01,,2.87,3.8,91.5955,,,,,,
1966-03-01,4409518.0,2.56,3.8,88.87782608695652,,,,,,
1966-02-01,,2.56,3.8,92.68894736842105,,,,,,
1966-01-01,,1.92,4,93.31619047619047,,,,,,
1965-12-01,4304731.0,1.92,4,91.73681818181818,,,,,,
1965-11-01,,1.6,4.1,92.146,,,,,,
1965-10-01,,1.93,4.2,91.3947619047619,,,,,,
1965-09-01,4207782.0,1.61,4.3,89.37904761904763,,,,,,
1965-08-01,,1.94,4.4,86.48727272727272,,,,,,
1965-07-01,,1.61,4.4,84.90523809523809,,,,,,
1965-06-01,4116267.0,1.94,4.6,85.04454545454546,,,,,,
1965-05-01,,1.62,4.6,89.2795,,,,,,
1965-04-01,,1.62,4.8,87.96666666666667,,,,,,
1965-03-01,4064915.0,1.29,4.7,86.83391304347826,,,,,,
1965-02-01,,0.97,5.1,86.74684210526316,,,,,,
1965-01-01,,0.97,4.9,86.1165,,,,,,
1964-12-01,3968878.0,0.97,5,83.96,,,,,,
1964-11-01,,1.3,4.8,85.43842105263157,,,,,,
1964-10-01,,0.97,5.1,84.84863636363637,,,,,,
1964-09-01,3956657.0,1.3,5.1,83.40857142857142,,,,,,
1964-08-01,,0.98,5,82.0,,,,,,
1964-07-01,,1.3,4.9,83.22227272727274,,,,,,
1964-06-01,3895793.0,1.31,5.2,80.24272727272727,,,,,,
1964-05-01,,1.31,5.1,80.7205,,,,,,
1964-04-01,,1.31,5.3,79.93681818181818,,,,,,
1964-03-01,3853835.0,1.31,5.4,78.79904761904761,,,,,,
1964-02-01,,1.64,5.4,77.39,,,,,,
1964-01-01,,1.64,5.6,76.45227272727273,,,,,,
1963-12-01,3774264.0,1.64,5.5,74.17380952380952,,,,,,
1963-11-01,,1.32,5.7,72.62388888888889,,,,,,
1963-10-01,,1.32,5.5,73.03391304347826,,,,,,
1963-09-01,3749681.0,0.99,5.5,72.8495,,,,,,
1963-08-01,,1.32,5.4,70.98045454545455,,,,,,
1963-07-01,,1.32,5.6,69.07227272727272,,,,,,
1963-06-01,3669020.0,1.32,5.6,70.1085,,,,,,
1963-05-01,,0.99,5.9,70.13863636363637,,,,,,
1963-04-01,,0.99,5.7,68.75904761904762,,,,,,
1963-03-01,3628306.0,1.33,5.7,65.67285714285714,,,,,,
1963-02-01,,1,5.9,65.92263157894736,,,,,,
1963-01-01,,1.33,5.7,65.06227272727273,,,,,,
1962-12-01,3589128.0,1.33,5.5,62.6395,,,,,,
1962-11-01,,1.33,5.7,60.043499999999995,,,,,,
1962-10-01,,1.33,5.4,56.16826086956522,,,,,,
1962-09-01,3577362.0,1.33,5.6,57.997894736842106,,,,,,
1962-08-01,,1.34,5.7,58.52304347826087,,,,,,
1962-07-01,,1,5.4,56.96952380952381,,,,,,
1962-06-01,3533947.0,1.34,5.5,55.62857142857143,,,,,,
1962-05-01,,1.34,5.5,62.99454545454546,,,,,,
1962-04-01,,1.34,5.6,68.048,,,,,,
1962-03-01,3502298.0,1.01,5.6,70.29181818181819,,,,,,
1962-02-01,,1.01,5.5,70.22157894736843,,,,,,
1962-01-01,,0.67,5.8,69.06772727272727,,,,,,
1961-12-01,3440924.0,0.67,6,71.711,,,,,,
1961-11-01,,0.67,6.1,71.0765,,,,,,
1961-10-01,,0.67,6.5,67.99636363636364,,,,,,
1961-09-01,3374742.0,1.35,6.7,67.258,,,,,,
1961-08-01,,1.01,6.6,67.80260869565218,,,,,,
1961-07-01,,1.35,7,65.4385,,,,,,
1961-06-01,3311181.0,0.68,6.9,65.62045454545455,,,,,,
1961-05-01,,1.02,7.1,66.49666666666667,,,,,,
1961-04-01,,1.02,7,65.834,,,,,,
1961-03-01,3255914.0,1.36,6.9,64.11636363636363,,,,,,
1961-02-01,,1.36,6.9,62.17263157894737,,,,,,
1961-01-01,,1.71,6.6,59.715714285714284,,,,,,
1960-12-01,3234087.0,1.36,6.6,56.8,,,,,,
1960-11-01,,1.36,6.1,55.470000000000006,,,,,,
1960-10-01,,1.36,6.1,53.72904761904762,,,,,,
1960-09-01,3276133.0,1.02,5.5,54.805238095238096,,,,,,
1960-08-01,,1.37,5.6,56.50521739130434,,,,,,
1960-07-01,,1.37,5.5,55.839999999999996,,,,,,
1960-06-01,3260177.0,1.72,5.4,57.26318181818181,,,,,,
1960-05-01,,1.72,5.1,55.21999999999999,,,,,,
1960-04-01,,1.72,5.2,55.725,,,,,,
1960-03-01,3277847.0,1.73,5.4,55.01521739130435,,,,,,
1960-02-01,,1.73,4.8,55.775,,,,,,
1960-01-01,,1.03,5.2,58.028999999999996,,,,,,
1959-12-01,3205790.0,1.73,5.3,59.056363636363635,,,,,,
1959-11-01,,1.38,5.8,57.23315789473685,,,,,,
1959-10-01,,1.73,5.7,57.00181818181818,,,,,,
1959-09-01,3196683.0,1.38,5.5,57.05476190476191,,,,,,
1959-08-01,,1.04,5.2,59.39857142857142,,,,,,
1959-07-01,,0.69,5.1,59.7359090909091,,,,,,
1959-06-01,3194429.0,0.69,5,57.459090909090904,,,,,,
1959-05-01,,0.35,5.1,57.95857142857143,,,,,,
1959-04-01,,0.35,5.2,57.098636363636366,,,,,,
1959-03-01,3123978.0,0.35,5.6,56.148095238095244,,,,,,
1959-02-01,,1.05,5.9,54.77368421052632,,,,,,
1959-01-01,,1.4,6,55.61904761904762,,,,,,
1958-12-01,3065141.0,1.76,6.2,53.488571428571426,,,,,,
1958-11-01,,2.11,6.2,52.501666666666665,,,,,,
1958-10-01,,2.12,6.7,50.94521739130435,,,,,,
1958-09-01,2995112.0,2.12,7.1,48.959047619047624,,,,,,
1958-08-01,,2.12,7.4,47.70238095238095,,,,,,
1958-07-01,,2.47,7.5,45.975,,,,,,
1958-06-01,2927395.0,2.85,7.3,44.738571428571426,,,,,,
1958-05-01,,3.21,7.4,43.70333333333333,,,,,,
1958-04-01,,3.58,7.4,42.3447619047619,,,,,,
1958-03-01,2908281.0,3.6,6.7,42.10857142857143,,,,,,
1958-02-01,,3.25,6.4,41.2615,,,,,,
1958-01-01,,3.62,5.8,41.122727272727275,,,,,,
1957-12-01,2985775.0,2.9,5.2,40.325714285714284,,,,,,
1957-11-01,,3.27,5.1,40.347368421052636,,,,,,
1957-10-01,,2.91,4.5,41.23565217391304,,,,,,
1957-09-01,3016979.0,3.28,4.4,43.9845,,,,,,
1957-08-01,,3.66,4.1,45.835,,,,,,
1957-07-01,,3.28,4.2,48.51090909090909,,,,,,
1957-06-01,2987699.0,3.31,4.3,47.554,,,,,,
1957-05-01,,3.7,4.1,46.77590909090909,,,,,,
1957-04-01,,3.72,3.9,45.048095238095236,,,,,,
1957-03-01,2994259.0,3.73,3.7,44.03095238095238,,,,,,
1957-02-01,,3.36,3.9,43.46631578947368,,,,,,
1957-01-01,,2.99,4.2,45.425000000000004,,,,,,
1956-12-01,2975209.0,2.99,4.2,46.443684210526314,,,,,,
1956-11-01,,2.23,4.3,45.7585,,,,,,
1956-10-01,,2.23,3.9,46.243043478260866,,,,,,
1956-09-01,2927034.0,1.86,3.9,46.83894736842105,,,,,,
1956-08-01,,1.87,4.1,48.49173913043478,,,,,,
1956-07-01,,2.24,4.4,48.77809523809523,,,,,,
1956-06-01,2929666.0,1.87,4.3,46.26857142857143,,,,,,
1956-05-01,,1.12,4.3,46.53727272727272,,,,,,
1956-04-01,,0.75,4,48.051904761904765,,,,,,
1956-03-01,2905656.0,0.37,4.2,47.48714285714286,,,,,,
1956-02-01,,0.37,3.9,44.43,,,,,,
1956-01-01,,0.37,4,44.14523809523809,,,,,,
1955-12-01,2916985.0,0.37,4.2,45.36666666666667,,,,,,
1955-11-01,,0.37,4.2,44.947,,,,,,
1955-10-01,,0.37,4.3,42.11380952380952,,,,,,
1955-09-01,2899578.0,0.37,4.1,44.34142857142857,,,,,,
1955-08-01,,-0.37,4.2,42.43,,,,,,
1955-07-01,,-0.37,4,42.692,,,,,,
1955-06-01,2860942.0,-0.74,4.2,39.783181818181816,,,,,,
1955-05-01,,-0.74,4.3,37.60285714285714,,,,,,
1955-04-01,,-0.37,4.7,37.760000000000005,,,,,,
1955-03-01,2815134.0,-0.74,4.6,36.50086956521739,,,,,,
1955-02-01,,-0.74,4.7,36.79105263157894,,,,,,
1955-01-01,,-0.74,4.9,35.59619047619047,,,,,,
1954-12-01,2736960.0,-0.74,5,34.96727272727273,,,,,,
1954-11-01,,-0.37,5.3,33.442,,,,,,
1954-10-01,,-0.74,5.7,32.17666666666667,,,,,,
1954-09-01,2684434.0,-0.37,6.1,31.454761904761902,,,,,,
1954-08-01,,0,6,30.729545454545452,,,,,,
1954-07-01,,0.37,5.8,30.126666666666665,,,,,,
1954-06-01,2654456.0,0.37,5.6,28.96090909090909,,,,,,
1954-05-01,,0.75,5.9,28.734500000000004,,,,,,
1954-04-01,,0.75,5.9,27.627142857142854,,,,,,
1954-03-01,2651566.0,1.13,5.7,26.571739130434782,,,,,,
1954-02-01,,1.51,5.2,26.023684210526316,,,,,,
1954-01-01,,1.13,4.9,25.4615,,,,,,
1953-12-01,2664302.0,0.75,4.5,24.827272727272728,,,,,,
1953-11-01,,0.75,3.5,24.500555555555554,,,,,,
1953-10-01,,1.12,3.1,23.96666666666667,,,,,,
1953-09-01,2705258.0,0.75,2.9,23.316666666666666,,,,,,
1953-08-01,,0.75,2.7,24.38952380952381,,,,,,
1953-07-01,,0.37,2.6,24.29478260869565,,,,,,
1953-06-01,2720566.0,1.13,2.5,23.951818181818183,,,,,,
1953-05-01,,1.14,2.5,24.84095238095238,,,,,,
1953-04-01,,0.76,2.7,24.712380952380954,,,,,,
1953-03-01,2699699.0,1.14,2.6,25.99227272727273,,,,,,
1953-02-01,,0.76,2.6,25.858888888888888,,,,,,
1953-01-01,,0.38,2.9,26.18,,,,,,
1952-12-01,2650431.0,0.75,2.7,26.039545454545454,,,,,,
1952-11-01,,1.14,2.8,25.029411764705884,,,,,,
1952-10-01,,1.91,3,24.25590909090909,,,,,,
1952-09-01,2566153.0,2.3,3.1,24.78190476190476,,,,,,
1952-08-01,,3.09,3.4,25.182380952380953,,,,,,
1952-07-01,,3.09,3.2,25.079545454545453,,,,,,
1952-06-01,2547762.0,2.32,3,24.38095238095238,,,,,,
1952-05-01,,1.93,3,23.729200000000002,,,,,,
1952-04-01,,2.33,2.9,23.7444,,,,,,
1952-03-01,2542286.0,1.94,2.9,23.814230769230768,,,,,,
1952-02-01,,2.33,3.1,23.745217391304347,,,,,,
1952-01-01,,4.33,3.2,24.188846153846153,,,,,,
1951-12-01,2515408.0,6,3.1,23.4144,,,,,,
1951-11-01,,6.88,3.5,22.71,,,,,,
1951-10-01,,6.5,3.5,23.355384615384615,,,,,,
1951-09-01,2509880.0,6.97,3.3,23.48421052631579,,,,,,
1951-08-01,,6.58,3.1,22.89217391304348,,,,,,
1951-07-01,,7.47,3.1,21.93190476190476,,,,,,
1951-06-01,2459196.0,8.82,3.2,21.54619047619048,,,,,,
1951-05-01,,9.28,3,21.930000000000003,,,,,,
1951-04-01,,9.32,3.1,21.917599999999997,,,,,,
1951-03-01,2417311.0,9.32,3.4,21.62923076923077,,,,,,
1951-02-01,,9.36,3.4,22.00090909090909,,,,,,
1951-01-01,,8.09,3.7,21.20846153846154,,,,,,
1950-12-01,2384920.0,5.93,4.3,19.75,,,,,,
1950-11-01,,3.78,4.2,19.825652173913046,,,,,,
1950-10-01,,3.8,4.2,19.8692,,,,,,
1950-09-01,2340112.0,2.09,4.4,19.0845,,,,,,
1950-08-01,,2.1,4.5,18.433043478260867,,,,,,
1950-07-01,,1.69,5,17.384,,,,,,
1950-06-01,2253045.0,-0.42,5.4,18.73681818181818,,,,,,
1950-05-01,,-0.42,5.5,18.44076923076923,,,,,,
1950-04-01,,-1.26,5.8,17.83791666666667,,,,,,
1950-03-01,2186365.0,-0.84,6.3,17.353333333333335,,,,,,
1950-02-01,,-1.26,6.4,17.20590909090909,,,,,,
1950-01-01,,-2.08,6.5,16.878800000000002,,,,,,
1949-12-01,2103688.0,-2.07,6.6,16.5436,,,,,,
1949-11-01,,-1.65,6.4,16.110434782608696,,,,,,
1949-10-01,,-2.87,7.9,15.886399999999998,,,,,,
1949-09-01,2121493.0,-2.45,6.6,15.486666666666668,,,,,,
1949-08-01,,-2.86,6.8,15.287826086956523,,,,,,
1949-07-01,,-2.87,6.7,14.762,,,,,,
1949-06-01,2099814.0,-0.83,6.2,13.966818181818182,,,,,,
1949-05-01,,-0.42,6.1,14.776666666666666,,,,,,
1949-04-01,,0.42,5.3,14.8936,,,,,,
1949-03-01,2107001.0,1.71,5,14.911481481481482,,,,,,
1949-02-01,,1.28,4.7,14.768636363636363,,,,,,
1949-01-01,,1.27,4.3,15.3564,,,,,,
1948-12-01,2136440.0,2.99,4,15.191923076923077,,,,,,
1948-11-01,,4.76,3.8,15.290869565217392,,,,,,
1948-10-01,,6.09,3.7,16.1896,,,,,,
1948-09-01,2134056.0,6.52,3.8,15.757619047619048,,,,,,
1948-08-01,,8.89,3.9,15.939545454545454,,,,,,
1948-07-01,,9.91,3.6,16.42142857142857,,,,,,
1948-06-01,2121899.0,9.55,3.6,16.824545454545454,,,,,,
1948-05-01,,9.13,3.5,16.1125,,,,,,
1948-04-01,,8.68,3.9,15.400384615384617,,,,,,
1948-03-01,2087442.0,6.85,4,14.303461538461537,,,,,,
1948-02-01,,9.3,3.8,14.099545454545455,,,,,,
1948-01-01,,10.23,3.4,14.825999999999999,,,,,,
1947-12-01,2056508.0,8.84,,15.031818181818181,,,,,,
1947-11-01,,8.45,,15.270588235294118,,,,,,
1947-10-01,,10.58,,15.449545454545454,,,,,,
1947-09-01,2024834.0,12.75,,15.063333333333333,,,,,,
1947-08-01,,11.39,,15.456666666666665,,,,,,
1947-07-01,,12.12,,15.767727272727273,,,,,,
1947-06-01,2029024.0,17.65,,14.847619047619048,,,,,,
1947-05-01,,18.38,,14.332380952380953,,,,,,
1947-04-01,,19.02,,14.60190476190476,,,,,,
1947-03-01,2034450.0,19.67,,15.156190476190474,,,,,,
1947-02-01,,18.78,,15.780526315789473,,,,,,
1947-01-01,,18.13,,15.215909090909092,,,,,,
1946-12-01,,18.13,,15.120952380952382,,,,,,
1946-11-01,,17.68,,14.667777777777777,,,,,,
1946-10-01,,14.92,,14.749130434782609,,,,,,
1946-09-01,,12.71,,15.0935,,,,,,
1946-08-01,,11.6,,17.702727272727273,,,,,,
1946-07-01,,9.39,,18.053636363636365,,,,,,
1946-06-01,,3.31,,18.5805,,,,,,
1946-05-01,,3.35,,18.71227272727273,,,,,,
1946-04-01,,3.37,,18.65142857142857,,,,,,
1946-03-01,,2.81,,17.52190476190476,,,,,,
1946-02-01,,1.69,,17.984444444444446,,,,,,
1946-01-01,,2.25,,18.041363636363634,,,,,,
1945-12-01,,2.25,,17.319473684210525,,,,,,
1945-11-01,,2.26,,17.051052631578948,,,,,,
1945-10-01,,2.26,,16.496363636363636,,,,,,
1945-09-01,,2.26,,15.83578947368421,,,,,,
1945-08-01,,2.26,,14.825714285714284,,,,,,
1945-07-01,,2.26,,14.78142857142857,,,,,,
1945-06-01,,2.84,,15.086666666666666,,,,,,
1945-05-01,,2.29,,14.813636363636363,,,,,,
1945-04-01,,1.71,,14.265714285714285,,,,,,
1945-03-01,,2.3,,13.937142857142858,,,,,,
1945-02-01,,2.3,,13.946111111111112,,,,,,
1945-01-01,,2.3,,13.485454545454546,,,,,,
1944-12-01,,2.3,,13.084999999999999,,,,,,
1944-11-01,,1.72,,12.822,,,,,,
1944-10-01,,1.72,,12.895238095238096,,,,,,
1944-09-01,,1.72,,12.597,,,,,,
1944-08-01,,2.31,,12.82,,,,,,
1944-07-01,,1.72,,13.008000000000001,,,,,,
1944-06-01,,0.57,,12.67818181818182,,,,,,
1944-05-01,,0,,12.100909090909092,,,,,,
1944-04-01,,0.57,,11.878421052631579,,,,,,
1944-03-01,,1.16,,12.096086956521738,,,,,,
1944-02-01,,2.96,,11.7705,,,,,,
1944-01-01,,2.96,,11.848095238095238,,,,,,
1943-12-01,,2.96,,11.480434782608697,,,,,,
1943-11-01,,3.57,,11.332105263157894,,,,,,
1943-10-01,,4.19,,11.869,,,,,,
1943-09-01,,5.45,,11.986190476190476,,,,,,
1943-08-01,,4.85,,11.739090909090908,,,,,,
1943-07-01,,6.1,,12.359523809523811,,,,,,
1943-06-01,,7.36,,12.085,,,,,,
1943-05-01,,7.36,,11.894,,,,,,
1943-04-01,,8.07,,11.450952380952382,,,,,,
1943-03-01,,7.5,,11.065217391304348,,,,,,
1943-02-01,,6.96,,10.678333333333335,,,,,,
1943-01-01,,7.64,,10.089,,,,,,
1942-12-01,,9.03,,9.518181818181818,,,,,,
1942-11-01,,9.09,,9.45722222222222,,,,,,
1942-10-01,,9.15,,9.313809523809525,,,,,,
1942-09-01,,9.27,,8.682857142857143,,,,,,
1942-08-01,,10.74,,8.59047619047619,,,,,,
1942-07-01,,11.56,,8.635652173913044,,,,,,
1942-06-01,,10.88,,8.325000000000001,,,,,,
1942-05-01,,13.19,,7.929047619047618,,,,,,
1942-04-01,,12.59,,7.835238095238095,,,,,,
1942-03-01,,12.68,,8.18909090909091,,,,,,
1942-02-01,,12.06,,8.65388888888889,,,,,,
1942-01-01,,11.35,,8.935714285714287,,,,,,
1941-12-01,,9.93,,8.756818181818183,,,,,,
1941-11-01,,10,,9.367058823529412,,,,,,
1941-10-01,,9.29,,9.810454545454546,,,,,,
1941-09-01,,7.86,,10.244761904761905,,,,,,
1941-08-01,,6.43,,10.216190476190476,,,,,,
1941-07-01,,5,,10.271363636363636,,,,,,
1941-06-01,,4.26,,9.75952380952381,,,,,,
1941-05-01,,2.86,,9.42904761904762,,,,,,
1941-04-01,,2.14,,9.640952380952381,,,,,,
1941-03-01,,1.43,,9.955714285714285,,,,,,
1941-02-01,,0.71,,9.882105263157895,,,,,,
1941-01-01,,1.44,,10.538636363636364,,,,,,
1940-12-01,,0.71,,10.5348,,,,,,
1940-11-01,,0,,10.98304347826087,,,,,,
1940-10-01,,0,,10.730384615384615,,,,,,
1940-09-01,,-0.71,,10.630833333333333,,,,,,
1940-08-01,,1.45,,10.19814814814815,,,,,,
1940-07-01,,1.45,,9.992307692307692,,,,,,
1940-06-01,,2.17,,9.6712,,,,,,
1940-05-01,,1.45,,10.57846153846154,,,,,,
1940-04-01,,1.45,,12.266538461538461,,,,,,
1940-03-01,,0.72,,12.145999999999999,,,,,,
1940-02-01,,0.72,,12.22,,,,,,
1940-01-01,,-0.71,,12.3,,,,,,
1939-12-01,,0,,12.365599999999999,,,,,,
1939-11-01,,0,,12.668260869565218,,,,,,
1939-10-01,,0,,12.895199999999999,,,,,,
1939-09-01,,0,,12.7744,,,,,,
1939-08-01,,-2.13,,11.53962962962963,,,,,,
1939-07-01,,-2.13,,11.706,,,,,,
1939-06-01,,-2.13,,11.431923076923077,,,,,,
1939-05-01,,-2.13,,11.231538461538461,,,,,,
1939-04-01,,-2.82,,10.83,,,,,,
1939-03-01,,-1.42,,12.385555555555554,,,,,,
1939-02-01,,-1.42,,12.400454545454545,,,,,,
1939-01-01,,-1.41,,12.5012,,,,,,
1938-12-01,,-2.78,,12.68923076923077,,,,,,
1938-11-01,,-3.45,,13.067391304347826,,,,,,
1938-10-01,,-4.11,,13.0572,,,,,,
1938-09-01,,-3.42,,11.7524,,,,,,
1938-08-01,,-2.76,,12.305185185185186,,,,,,
1938-07-01,,-2.76,,12.242799999999999,,,,,,
1938-06-01,,-2.08,,10.212307692307691,,,,,,
1938-05-01,,-2.08,,9.9788,,,,,,
1938-04-01,,-0.7,,9.889199999999999,,,,,,
1938-03-01,,-0.7,,10.311481481481483,,,,,,
1938-02-01,,0,,11.035,,,,,,
1938-01-01,,0.71,,11.308399999999999,,,,,,
1937-12-01,,2.86,,11.016538461538461,,,,,,
1937-11-01,,3.57,,11.199565217391303,,,,,,
1937-10-01,,4.29,,12.2844,,,,,,
1937-09-01,,4.29,,14.368,,,,,,
1937-08-01,,3.57,,16.735,,,,,,
1937-07-01,,4.32,,16.5676,,,,,,
1937-06-01,,4.35,,15.64576923076923,,,,,,
1937-05-01,,5.11,,16.252083333333335,,,,,,
1937-04-01,,4.38,,17.013461538461538,,,,,,
1937-03-01,,3.65,,18.09346153846154,,,,,,
1937-02-01,,2.17,,18.10727272727273,,,,,,
1937-01-01,,2.17,,17.5884,,,,,,
1936-12-01,,1.45,,17.0628,,,,,,
1936-11-01,,1.45,,17.35590909090909,,,,,,
1936-10-01,,2.19,,16.89076923076923,,,,,,
1936-09-01,,2.19,,16.054000000000002,,,,,,
1936-08-01,,2.19,,15.870000000000001,,,,,,
1936-07-01,,1.46,,15.556538461538462,,,,,,
1936-06-01,,0.73,,14.694230769230769,,,,,,
1936-05-01,,-0.72,,14.0876,,,,,,
1936-04-01,,-0.72,,14.8828,,,,,,
1936-03-01,,0,,14.857692307692307,,,,,,
1936-02-01,,0.73,,14.553478260869566,,,,,,
1936-01-01,,1.47,,13.758076923076922,,,,,,
1935-12-01,,2.99,,13.042,,,,,,
1935-11-01,,2.22,,13.042608695652175,,,,,,
1935-10-01,,1.48,,11.916153846153845,,,,,,
1935-09-01,,0.74,,11.606250000000001,,,,,,
1935-08-01,,2.24,,11.374444444444444,,,,,,
1935-07-01,,2.24,,10.653461538461539,,,,,,
1935-06-01,,2.24,,10.1176,,,,,,
1935-05-01,,3.76,,9.753461538461538,,,,,,
1935-04-01,,3.76,,9.0388,,,,,,
1935-03-01,,3.01,,8.409230769230769,,,,,,
1935-02-01,,3.01,,8.979545454545455,,,,,,
1935-01-01,,3.03,,9.25923076923077,,,,,,
1934-12-01,,1.52,,9.2608,,,,,,
1934-11-01,,2.27,,9.204347826086956,,,,,,
1934-10-01,,2.27,,8.954230769230769,,,,,,
1934-09-01,,3.03,,8.875,,,,,,
1934-08-01,,1.52,,9.095555555555555,,,,,,
1934-07-01,,2.29,,9.4656,,,,,,
1934-06-01,,5.51,,9.936538461538463,,,,,,
1934-05-01,,5.56,,9.811153846153847,,,,,,
1934-04-01,,5.56,,10.9156,,,,,,
1934-03-01,,5.56,,10.727692307692308,,,,,,
1934-02-01,,4.72,,11.321363636363635,,,,,,
1934-01-01,,2.33,,10.542307692307693,,,,,,
1933-12-01,,0.76,,9.9696,,,,,,
1933-11-01,,0,,9.775416666666667,,,,,,
1933-10-01,,-0.75,,9.5476,,,,,,
1933-09-01,,-1.49,,10.580833333333333,,,,,,
1933-08-01,,-2.22,,10.671304347826087,,,,,,
1933-07-01,,-3.68,,11.231250000000001,,,,,,
1933-06-01,,-6.62,,10.391923076923076,,,,,,
1933-05-01,,-8.03,,8.87346153846154,,,,,,
1933-04-01,,-9.35,,6.890000000000001,,,,,,
1933-03-01,,-10,,6.225,,,,,,
1933-02-01,,-9.93,,6.245454545454546,,,,,,
1933-01-01,,-9.79,,7.089166666666667,,,,,,
1932-12-01,,-10.27,,6.820384615384616,,,,,,
1932-11-01,,-10.2,,7.045833333333333,,,,,,
1932-10-01,,-10.74,,7.1208,,,,,,
1932-09-01,,-10.67,,8.2596,,,,,,
1932-08-01,,-10.6,,7.532962962962962,,,,,,
1932-07-01,,-9.93,,5.008333333333334,,,,,,
1932-06-01,,-9.93,,4.766153846153847,,,,,,
1932-05-01,,-10.46,,5.5116,,,,,,
1932-04-01,,-10.32,,6.279615384615385,,,,,,
1932-03-01,,-10.26,,8.256538461538462,,,,,,
1932-02-01,,-10.19,,8.227391304347826,,,,,,
1932-01-01,,-10.06,,8.3,,,,,,
1931-12-01,,-9.32,,8.4404,,,,,,
1931-11-01,,-10.37,,10.390434782608695,,,,,,
1931-10-01,,-9.7,,10.248461538461537,,,,,,
1931-09-01,,-9.64,,11.8275,,,,,,
1931-08-01,,-8.48,,13.899615384615384,,,,,,
1931-07-01,,-9.04,,14.328846153846154,,,,,,
1931-06-01,,-10.12,,13.873846153846156,,,,,,
1931-05-01,,-9.47,,14.328800000000001,,,,,,
1931-04-01,,-8.82,,15.856,,,,,,
1931-03-01,,-7.69,,17.526923076923076,,,,,,
1931-02-01,,-7.65,,17.203181818181818,,,,,,
1931-01-01,,-7.02,,15.98076923076923,,,,,,
1930-12-01,,-6.4,,15.514615384615384,,,,,,
1930-11-01,,-5.2,,16.61695652173913,,,,,,
1930-10-01,,-4.62,,17.920384615384616,,,,,,
1930-09-01,,-4.05,,20.7716,,,,,,
1930-08-01,,-4.62,,20.7936,,,,,,
1930-07-01,,-4.05,,21.0644,,,,,,
1930-06-01,,-1.75,,21.5204,,,,,,
1930-05-01,,-0.59,,23.9396,,,,,,
1930-04-01,,0.59,,25.459999999999997,,,,,,
1930-03-01,,-0.59,,23.943846153846152,,,,,,
1930-02-01,,-0.58,,23.06681818181818,,,,,,
1930-01-01,,0,,21.703461538461536,,,,,,
1929-12-01,,0.58,,21.402399999999997,,,,,,
1929-11-01,,0.58,,20.581764705882353,,,,,,
1929-10-01,,0.58,,27.989615384615384,,,,,,
1929-09-01,,0,,31.304583333333337,,,,,,
1929-08-01,,1.17,,30.101923076923075,,,,,,
1929-07-01,,1.17,,28.48076923076923,,,,,,
1929-06-01,,0,,26.1452,,,,,,
1929-05-01,,-1.16,,25.661923076923078,,,,,,
1929-04-01,,-1.17,,25.278846153846153,,,,,,
1929-03-01,,-0.58,,25.434583333333332,,,,,,
1929-02-01,,0,,24.986,,,,,,
1929-01-01,,-1.16,,24.86076923076923,,,,,,
1928-12-01,,-1.16,,23.1496,,,,,,
1928-11-01,,-0.58,,23.056956521739128,,,,,,
1928-10-01,,-1.15,,21.604615384615386,,,,,,
1928-09-01,,0,,21.167916666666667,,,,,,
1928-08-01,,-0.58,,19.782222222222224,,,,,,
1928-07-01,,-1.16,,19.1628,,,,,,
1928-06-01,,-2.84,,19.016538461538463,,,,,,
1928-05-01,,-1.15,,20.00409090909091,,,,,,
1928-04-01,,-1.16,,19.39818181818182,,,,,,
1928-03-01,,-1.16,,18.246666666666666,,,,,,
1928-02-01,,-1.72,,17.317391304347826,,,,,,
1928-01-01,,-1.14,,17.526,,,,,,
1927-12-01,,-2.26,,,,,,,,
1927-11-01,,-2.26,,,,,,,,
1927-10-01,,-1.14,,,,,,,,
1927-09-01,,-1.14,,,,,,,,
1927-08-01,,-1.15,,,,,,,,
1927-07-01,,-1.14,,,,,,,,
1927-06-01,,-0.56,,,,,,,,
1927-05-01,,-2.25,,,,,,,,
1927-04-01,,-3.35,,,,,,,,
1927-03-01,,-2.81,,,,,,,,
1927-02-01,,-2.79,,,,,,,,
1927-01-01,,-2.23,,,,,,,,
1926-12-01,,-1.12,,,,,,,,
1926-11-01,,-1.67,,,,,,,,
1926-10-01,,-0.56,,,,,,,,
1926-09-01,,-1.13,,,,,,,,
1926-08-01,,-1.69,,,,,,,,
1926-07-01,,-1.13,,,,,,,,
1926-06-01,,1.14,,,,,,,,
1926-05-01,,2.89,,,,,,,,
1926-04-01,,4.07,,,,,,,,
1926-03-01,,2.89,,,,,,,,
1926-02-01,,4.07,,,,,,,,
1926-01-01,,3.47,,,,,,,,
1925-12-01,,3.47,,,,,,,,
1925-11-01,,4.65,,,,,,,,
1925-10-01,,2.91,,,,,,,,
1925-09-01,,3.51,,,,,,,,
1925-08-01,,4.12,,,,,,,,
1925-07-01,,3.51,,,,,,,,
1925-06-01,,2.94,,,,,,,,
1925-05-01,,1.76,,,,,,,,
1925-04-01,,1.18,,,,,,,,
1925-03-01,,1.17,,,,,,,,
1925-02-01,,0,,,,,,,,
1925-01-01,,0,,,,,,,,
1924-12-01,,0,,,,,,,,
1924-11-01,,-0.58,,,,,,,,
1924-10-01,,-0.58,,,,,,,,
1924-09-01,,-0.58,,,,,,,,
1924-08-01,,-0.58,,,,,,,,
1924-07-01,,-0.58,,,,,,,,
1924-06-01,,0,,,,,,,,
1924-05-01,,0.59,,,,,,,,
1924-04-01,,0.59,,,,,,,,
1924-03-01,,1.79,,,,,,,,
1924-02-01,,2.38,,,,,,,,
1924-01-01,,2.98,,,,,,,,
1923-12-01,,2.37,,,,,,,,
1923-11-01,,2.98,,,,,,,,
1923-10-01,,3.59,,,,,,,,
1923-09-01,,3.61,,,,,,,,
1923-08-01,,3.01,,,,,,,,
1923-07-01,,2.38,,,,,,,,
1923-06-01,,1.8,,,,,,,,
1923-05-01,,1.2,,,,,,,,
1923-04-01,,1.2,,,,,,,,
1923-03-01,,0.6,,,,,,,,
1923-02-01,,-0.59,,,,,,,,
1923-01-01,,-0.59,,,,,,,,
1922-12-01,,-2.31,,,,,,,,
1922-11-01,,-3.45,,,,,,,,
1922-10-01,,-4.57,,,,,,,,
1922-09-01,,-5.14,,,,,,,,
1922-08-01,,-6.21,,,,,,,,
1922-07-01,,-5.08,,,,,,,,
1922-06-01,,-5.11,,,,,,,,
1922-05-01,,-5.65,,,,,,,,
1922-04-01,,-7.73,,,,,,,,
1922-03-01,,-8.74,,,,,,,,
1922-02-01,,-8.15,,,,,,,,
1922-01-01,,-11.05,,,,,,,,
1921-12-01,,-10.82,,,,,,,,
1921-11-01,,-12.12,,,,,,,,
1921-10-01,,-12.06,,,,,,,,
1921-09-01,,-12.5,,,,,,,,
1921-08-01,,-12.81,,,,,,,,
1921-07-01,,-14.9,,,,,,,,
1921-06-01,,-15.79,,,,,,,,
1921-05-01,,-14.08,,,,,,,,
1921-04-01,,-10.84,,,,,,,,
1921-03-01,,-7.11,,,,,,,,
1921-02-01,,-5.64,,,,,,,,
1921-01-01,,-1.55,,,,,,,,
1920-12-01,,2.65,,,,,,,,
1920-11-01,,7.03,,,,,,,,
1920-10-01,,9.94,,,,,,,,
1920-09-01,,12.36,,,,,,,,
1920-08-01,,14.69,,,,,,,,
1920-07-01,,19.54,,,,,,,,
1920-06-01,,23.67,,,,,,,,
1920-05-01,,21.89,,,,,,,,
1920-04-01,,21.56,,,,,,,,
1920-03-01,,20.12,,,,,,,,
1920-02-01,,20.37,,,,,,,,
1920-01-01,,16.97,,,,,,,,
1919-12-01,,14.55,,,,,,,,
1919-11-01,,13.5,,,,,,,,
1919-10-01,,13.13,,,,,,,,
1919-09-01,,13.38,,,,,,,,
1919-08-01,,14.94,,,,,,,,
1919-07-01,,15.23,,,,,,,,
1919-06-01,,14.97,,,,,,,,
1919-05-01,,16.55,,,,,,,,
1919-04-01,,17.61,,,,,,,,
1919-03-01,,17.14,,,,,,,,
1919-02-01,,14.89,,,,,,,,
1919-01-01,,17.86,,,,,,,,
1918-12-01,,20.44,,,,,,,,
1918-11-01,,20.74,,,,,,,,
1918-10-01,,18.52,,,,,,,,
1918-09-01,,18.05,,,,,,,,
1918-08-01,,18.46,,,,,,,,
1918-07-01,,17.97,,,,,,,,
1918-06-01,,13.08,,,,,,,,
1918-05-01,,13.28,,,,,,,,
1918-04-01,,12.7,,,,,,,,
1918-03-01,,16.67,,,,,,,,
1918-02-01,,17.5,,,,,,,,
1918-01-01,,19.66,,,,,,,,
1917-12-01,,18.1,,,,,,,,
1917-11-01,,17.39,,,,,,,,
1917-10-01,,19.47,,,,,,,,
1917-09-01,,19.82,,,,,,,,
1917-08-01,,19.27,,,,,,,,
1917-07-01,,18.52,,,,,,,,
1917-06-01,,20.37,,,,,,,,
1917-05-01,,19.63,,,,,,,,
1917-04-01,,18.87,,,,,,,,
1917-03-01,,14.29,,,,,,,,
1917-02-01,,15.38,,,,,,,,
1917-01-01,,12.5,,,,,,,,
1916-12-01,,12.62,,,,,,,,
1916-11-01,,11.65,,,,,,,,
1916-10-01,,10.78,,,,,,,,
1916-09-01,,9.9,,,,,,,,
1916-08-01,,7.92,,,,,,,,
1916-07-01,,6.93,,,,,,,,
1916-06-01,,6.93,,,,,,,,
1916-05-01,,5.94,,,,,,,,
1916-04-01,,6,,,,,,,,
1916-03-01,,6.06,,,,,,,,
1916-02-01,,4,,,,,,,,
1916-01-01,,2.97,,,,,,,,
1915-12-01,,1.98,,,,,,,,
1915-11-01,,0.98,,,,,,,,
1915-10-01,,0.99,,,,,,,,
1915-09-01,,-0.98,,,,,,,,
1915-08-01,,-0.98,,,,,,,,
1915-07-01,,1,,,,,,,,
1915-06-01,,2.02,,,,,,,,
1915-05-01,,2.02,,,,,,,,
1915-04-01,,2.04,,,,,,,,
1915-03-01,,0,,,,,,,,
1915-02-01,,1.01,,,,,,,,
1915-01-01,,1,,,,,,,,
1914-12-01,,1,,,,,,,,
1914-11-01,,0.99,,,,,,,,
1914-10-01,,1,,,,,,,,
1914-09-01,,2,,,,,,,,
1914-08-01,,3.03,,,,,,,,
1914-07-01,,1.01,,,,,,,,
1914-06-01,,1.02,,,,,,,,
1914-05-01,,2.06,,,,,,,,
1914-04-01,,0,,,,,,,,
1914-03-01,,1.02,,,,,,,,
1914-02-01,,1.02,,,,,,,,
1914-01-01,,2.04,,,,,,,,
