Date,M2,S&P 500,CPI,RE Loan,Initial Claims,Revolving Credit,PMI
1871-01-01,,105.76,,,,,
1871-02-01,,104.02,,,,,
1871-03-01,,105.01,,,,,
1871-04-01,,112.01,,,,,
1871-05-01,,117.56,,,,,
1871-06-01,,118.43,,,,,
1871-07-01,,116.22,,,,,
1871-08-01,,119.57,,,,,
1871-09-01,,117.94,,,,,
1871-10-01,,110.13,,,,,
1871-11-01,,111.33,,,,,
1871-12-01,,111.22,,,,,
1872-01-01,,114.03,,,,,
1872-02-01,,114.5,,,,,
1872-03-01,,116.5,,,,,
1872-04-01,,117.1,,,,,
1872-05-01,,117.1,,,,,
1872-06-01,,116.86,,,,,
1872-07-01,,117.89,,,,,
1872-08-01,,115.6,,,,,
1872-09-01,,112.76,,,,,
1872-10-01,,115.7,,,,,
1872-11-01,,111.9,,,,,
1872-12-01,,116.29,,,,,
1873-01-01,,117.21,,,,,
1873-02-01,,115.54,,,,,
1873-03-01,,114.64,,,,,
1873-04-01,,113.07,,,,,
1873-05-01,,115.83,,,,,
1873-06-01,,117.68,,,,,
1873-07-01,,117.45,,,,,
1873-08-01,,117.45,,,,,
1873-09-01,,108.47,,,,,
1873-10-01,,101.35,,,,,
1873-11-01,,100.85,,,,,
1873-12-01,,107.71,,,,,
1874-01-01,,111.81,,,,,
1874-02-01,,115.17,,,,,
1874-03-01,,113.49,,,,,
1874-04-01,,112.09,,,,,
1874-05-01,,110.07,,,,,
1874-06-01,,112.18,,,,,
1874-07-01,,111.33,,,,,
1874-08-01,,112.43,,,,,
1874-09-01,,114.2,,,,,
1874-10-01,,115.81,,,,,
1874-11-01,,117.85,,,,,
1874-12-01,,117.07,,,,,
1875-01-01,,117.07,,,,,
1875-02-01,,116.81,,,,,
1875-03-01,,118.36,,,,,
1875-04-01,,118.88,,,,,
1875-05-01,,117.2,,,,,
1875-06-01,,116.8,,,,,
1875-07-01,,117.07,,,,,
1875-08-01,,116.56,,,,,
1875-09-01,,116.54,,,,,
1875-10-01,,114.67,,,,,
1875-11-01,,117.49,,,,,
1875-12-01,,118.56,,,,,
1876-01-01,,122.01,,,,,
1876-02-01,,123.65,,,,,
1876-03-01,,123.37,,,,,
1876-04-01,,119.83,,,,,
1876-05-01,,119.64,,,,,
1876-06-01,,122.08,,,,,
1876-07-01,,120.61,,,,,
1876-08-01,,114.58,,,,,
1876-09-01,,106.54,,,,,
1876-10-01,,104.04,,,,,
1876-11-01,,101.18,,,,,
1876-12-01,,98.84,,,,,
1877-01-01,,96.31,,,,,
1877-02-01,,93.0,,,,,
1877-03-01,,92.42,,,,,
1877-04-01,,83.34,,,,,
1877-05-01,,81.86,,,,,
1877-06-01,,80.31,,,,,
1877-07-01,,83.09,,,,,
1877-08-01,,92.37,,,,,
1877-09-01,,99.14,,,,,
1877-10-01,,101.28,,,,,
1877-11-01,,101.74,,,,,
1877-12-01,,101.43,,,,,
1878-01-01,,104.51,,,,,
1878-02-01,,103.38,,,,,
1878-03-01,,107.57,,,,,
1878-04-01,,111.68,,,,,
1878-05-01,,115.81,,,,,
1878-06-01,,120.92,,,,,
1878-07-01,,121.95,,,,,
1878-08-01,,119.62,,,,,
1878-09-01,,122.05,,,,,
1878-10-01,,121.95,,,,,
1878-11-01,,123.05,,,,,
1878-12-01,,125.18,,,,,
1879-01-01,,128.33,,,,,
1879-02-01,,131.56,,,,,
1879-03-01,,130.84,,,,,
1879-04-01,,136.79,,,,,
1879-05-01,,142.96,,,,,
1879-06-01,,145.29,,,,,
1879-07-01,,146.59,,,,,
1879-08-01,,147.68,,,,,
1879-09-01,,147.88,,,,,
1879-10-01,,155.38,,,,,
1879-11-01,,155.34,,,,,
1879-12-01,,150.55,,,,,
1880-01-01,,151.82,,,,,
1880-02-01,,154.49,,,,,
1880-03-01,,155.91,,,,,
1880-04-01,,158.5,,,,,
1880-05-01,,150.29,,,,,
1880-06-01,,154.03,,,,,
1880-07-01,,161.11,,,,,
1880-08-01,,166.89,,,,,
1880-09-01,,164.96,,,,,
1880-10-01,,169.74,,,,,
1880-11-01,,176.76,,,,,
1880-12-01,,182.27,,,,,
1881-01-01,,195.04,,,,,
1881-02-01,,192.57,,,,,
1881-03-01,,194.75,,,,,
1881-04-01,,192.11,,,,,
1881-05-01,,202.87,,,,,
1881-06-01,,205.36,,,,,
1881-07-01,,196.12,,,,,
1881-08-01,,187.78,,,,,
1881-09-01,,182.22,,,,,
1881-10-01,,177.57,,,,,
1881-11-01,,180.48,,,,,
1881-12-01,,175.23,,,,,
1882-01-01,,172.6,,,,,
1882-02-01,,167.17,,,,,
1882-03-01,,166.88,,,,,
1882-04-01,,165.43,,,,,
1882-05-01,,161.87,,,,,
1882-06-01,,159.65,,,,,
1882-07-01,,170.09,,,,,
1882-08-01,,173.7,,,,,
1882-09-01,,180.16,,,,,
1882-10-01,,176.98,,,,,
1882-11-01,,170.91,,,,,
1882-12-01,,173.51,,,,,
1883-01-01,,172.62,,,,,
1883-02-01,,167.08,,,,,
1883-03-01,,170.84,,,,,
1883-04-01,,175.99,,,,,
1883-05-01,,174.75,,,,,
1883-06-01,,181.64,,,,,
1883-07-01,,182.48,,,,,
1883-08-01,,174.2,,,,,
1883-09-01,,177.83,,,,,
1883-10-01,,173.0,,,,,
1883-11-01,,177.5,,,,,
1883-12-01,,171.72,,,,,
1884-01-01,,166.57,,,,,
1884-02-01,,171.07,,,,,
1884-03-01,,170.43,,,,,
1884-04-01,,166.13,,,,,
1884-05-01,,155.95,,,,,
1884-06-01,,149.58,,,,,
1884-07-01,,151.29,,,,,
1884-08-01,,160.79,,,,,
1884-09-01,,157.32,,,,,
1884-10-01,,153.95,,,,,
1884-11-01,,154.26,,,,,
1884-12-01,,155.57,,,,,
1885-01-01,,151.99,,,,,
1885-02-01,,154.96,,,,,
1885-03-01,,158.93,,,,,
1885-04-01,,156.65,,,,,
1885-05-01,,158.49,,,,,
1885-06-01,,161.55,,,,,
1885-07-01,,165.68,,,,,
1885-08-01,,174.96,,,,,
1885-09-01,,174.7,,,,,
1885-10-01,,184.85,,,,,
1885-11-01,,194.65,,,,,
1885-12-01,,188.68,,,,,
1886-01-01,,193.17,,,,,
1886-02-01,,196.88,,,,,
1886-03-01,,194.99,,,,,
1886-04-01,,194.83,,,,,
1886-05-01,,195.79,,,,,
1886-06-01,,207.21,,,,,
1886-07-01,,207.88,,,,,
1886-08-01,,206.73,,,,,
1886-09-01,,212.12,,,,,
1886-10-01,,217.51,,,,,
1886-11-01,,222.89,,,,,
1886-12-01,,214.62,,,,,
1887-01-01,,207.28,,,,,
1887-02-01,,203.25,,,,,
1887-03-01,,208.02,,,,,
1887-04-01,,212.79,,,,,
1887-05-01,,216.46,,,,,
1887-06-01,,212.85,,,,,
1887-07-01,,210.02,,,,,
1887-08-01,,202.45,,,,,
1887-09-01,,202.13,,,,,
1887-10-01,,193.17,,,,,
1887-11-01,,194.45,,,,,
1887-12-01,,188.91,,,,,
1888-01-01,,188.3,,,,,
1888-02-01,,189.27,,,,,
1888-03-01,,182.1,,,,,
1888-04-01,,185.05,,,,,
1888-05-01,,189.68,,,,,
1888-06-01,,186.11,,,,,
1888-07-01,,188.58,,,,,
1888-08-01,,192.61,,,,,
1888-09-01,,197.38,,,,,
1888-10-01,,194.12,,,,,
1888-11-01,,187.84,,,,,
1888-12-01,,184.25,,,,,
1889-01-01,,194.65,,,,,
1889-02-01,,199.12,,,,,
1889-03-01,,197.49,,,,,
1889-04-01,,197.11,,,,,
1889-05-01,,207.49,,,,,
1889-06-01,,211.0,,,,,
1889-07-01,,206.71,,,,,
1889-08-01,,209.44,,,,,
1889-09-01,,211.73,,,,,
1889-10-01,,207.88,,,,,
1889-11-01,,205.96,,,,,
1889-12-01,,202.44,,,,,
1890-01-01,,209.83,,,,,
1890-02-01,,207.49,,,,,
1890-03-01,,205.93,,,,,
1890-04-01,,210.22,,,,,
1890-05-01,,216.35,,,,,
1890-06-01,,214.81,,,,,
1890-07-01,,213.27,,,,,
1890-08-01,,200.97,,,,,
1890-09-01,,195.18,,,,,
1890-10-01,,186.38,,,,,
1890-11-01,,176.96,,,,,
1890-12-01,,172.82,,,,,
1891-01-01,,184.17,,,,,
1891-02-01,,184.1,,,,,
1891-03-01,,178.68,,,,,
1891-04-01,,182.34,,,,,
1891-05-01,,183.88,,,,,
1891-06-01,,184.55,,,,,
1891-07-01,,183.63,,,,,
1891-08-01,,189.79,,,,,
1891-09-01,,207.88,,,,,
1891-10-01,,207.88,,,,,
1891-11-01,,207.21,,,,,
1891-12-01,,213.53,,,,,
1892-01-01,,223.11,,,,,
1892-02-01,,223.52,,,,,
1892-03-01,,231.96,,,,,
1892-04-01,,234.83,,,,,
1892-05-01,,234.83,,,,,
1892-06-01,,233.57,,,,,
1892-07-01,,227.43,,,,,
1892-08-01,,227.57,,,,,
1892-09-01,,221.9,,,,,
1892-10-01,,226.35,,,,,
1892-11-01,,219.84,,,,,
1892-12-01,,214.9,,,,,
1893-01-01,,210.77,,,,,
1893-02-01,,204.68,,,,,
1893-03-01,,202.06,,,,,
1893-04-01,,204.42,,,,,
1893-05-01,,188.77,,,,,
1893-06-01,,184.4,,,,,
1893-07-01,,171.6,,,,,
1893-08-01,,174.24,,,,,
1893-09-01,,179.4,,,,,
1893-10-01,,182.22,,,,,
1893-11-01,,189.97,,,,,
1893-12-01,,185.93,,,,,
1894-01-01,,187.18,,,,,
1894-02-01,,192.31,,,,,
1894-03-01,,203.74,,,,,
1894-04-01,,206.46,,,,,
1894-05-01,,198.78,,,,,
1894-06-01,,196.06,,,,,
1894-07-01,,192.0,,,,,
1894-08-01,,193.63,,,,,
1894-09-01,,194.12,,,,,
1894-10-01,,193.42,,,,,
1894-11-01,,193.42,,,,,
1894-12-01,,194.26,,,,,
1895-01-01,,192.0,,,,,
1895-02-01,,189.29,,,,,
1895-03-01,,189.29,,,,,
1895-04-01,,189.35,,,,,
1895-05-01,,196.88,,,,,
1895-06-01,,198.15,,,,,
1895-07-01,,201.57,,,,,
1895-08-01,,207.55,,,,,
1895-09-01,,208.85,,,,,
1895-10-01,,205.82,,,,,
1895-11-01,,198.88,,,,,
1895-12-01,,189.68,,,,,
1896-01-01,,190.3,,,,,
1896-02-01,,201.03,,,,,
1896-03-01,,197.87,,,,,
1896-04-01,,202.77,,,,,
1896-05-01,,205.02,,,,,
1896-06-01,,204.17,,,,,
1896-07-01,,190.94,,,,,
1896-08-01,,180.07,,,,,
1896-09-01,,189.52,,,,,
1896-10-01,,188.09,,,,,
1896-11-01,,195.2,,,,,
1896-12-01,,188.07,,,,,
1897-01-01,,193.59,,,,,
1897-02-01,,191.76,,,,,
1897-03-01,,192.21,,,,,
1897-04-01,,189.17,,,,,
1897-05-01,,192.83,,,,,
1897-06-01,,201.81,,,,,
1897-07-01,,210.79,,,,,
1897-08-01,,214.59,,,,,
1897-09-01,,218.65,,,,,
1897-10-01,,214.81,,,,,
1897-11-01,,207.23,,,,,
1897-12-01,,211.69,,,,,
1898-01-01,,217.48,,,,,
1898-02-01,,213.82,,,,,
1898-03-01,,204.17,,,,,
1898-04-01,,200.65,,,,,
1898-05-01,,199.92,,,,,
1898-06-01,,222.17,,,,,
1898-07-01,,226.39,,,,,
1898-08-01,,234.86,,,,,
1898-09-01,,234.42,,,,,
1898-10-01,,229.51,,,,,
1898-11-01,,237.09,,,,,
1898-12-01,,248.07,,,,,
1899-01-01,,266.95,,,,,
1899-02-01,,269.48,,,,,
1899-03-01,,273.32,,,,,
1899-04-01,,273.2,,,,,
1899-05-01,,261.82,,,,,
1899-06-01,,252.33,,,,,
1899-07-01,,257.81,,,,,
1899-08-01,,260.77,,,,,
1899-09-01,,248.45,,,,,
1899-10-01,,244.07,,,,,
1899-11-01,,245.82,,,,,
1899-12-01,,226.18,,,,,
1900-01-01,,229.18,,,,,
1900-02-01,,230.69,,,,,
1900-03-01,,232.54,,,,,
1900-04-01,,235.51,,,,,
1900-05-01,,229.84,,,,,
1900-06-01,,225.59,,,,,
1900-07-01,,222.99,,,,,
1900-08-01,,228.67,,,,,
1900-09-01,,220.7,,,,,
1900-10-01,,231.36,,,,,
1900-11-01,,249.46,,,,,
1900-12-01,,267.95,,,,,
1901-01-01,,272.17,,,,,
1901-02-01,,282.77,,,,,
1901-03-01,,292.91,,,,,
1901-04-01,,321.28,,,,,
1901-05-01,,305.1,,,,,
1901-06-01,,335.49,,,,,
1901-07-01,,309.29,,,,,
1901-08-01,,309.51,,,,,
1901-09-01,,304.42,,,,,
1901-10-01,,300.99,,,,,
1901-11-01,,303.57,,,,,
1901-12-01,,295.32,,,,,
1902-01-01,,305.07,,,,,
1902-02-01,,307.7,,,,,
1902-03-01,,308.08,,,,,
1902-04-01,,315.01,,,,,
1902-05-01,,310.38,,,,,
1902-06-01,,305.15,,,,,
1902-07-01,,312.05,,,,,
1902-08-01,,323.96,,,,,
1902-09-01,,321.12,,,,,
1902-10-01,,290.7,,,,,
1902-11-01,,288.75,,,,,
1902-12-01,,279.12,,,,,
1903-01-01,,289.95,,,,,
1903-02-01,,288.24,,,,,
1903-03-01,,286.52,,,,,
1903-04-01,,274.82,,,,,
1903-05-01,,275.76,,,,,
1903-06-01,,260.52,,,,,
1903-07-01,,248.55,,,,,
1903-08-01,,240.57,,,,,
1903-09-01,,231.93,,,,,
1903-10-01,,227.14,,,,,
1903-11-01,,230.4,,,,,
1903-12-01,,241.04,,,,,
1904-01-01,,239.45,,,,,
1904-02-01,,227.77,,,,,
1904-03-01,,229.79,,,,,
1904-04-01,,238.02,,,,,
1904-05-01,,238.47,,,,,
1904-06-01,,238.84,,,,,
1904-07-01,,248.75,,,,,
1904-08-01,,254.36,,,,,
1904-09-01,,262.4,,,,,
1904-10-01,,277.81,,,,,
1904-11-01,,286.3,,,,,
1904-12-01,,289.1,,,,,
1905-01-01,,295.41,,,,,
1905-02-01,,308.37,,,,,
1905-03-01,,320.92,,,,,
1905-04-01,,317.02,,,,,
1905-05-01,,304.69,,,,,
1905-06-01,,308.28,,,,,
1905-07-01,,317.96,,,,,
1905-08-01,,326.24,,,,,
1905-09-01,,330.86,,,,,
1905-10-01,,335.52,,,,,
1905-11-01,,330.14,,,,,
1905-12-01,,334.3,,,,,
1906-01-01,,345.87,,,,,
1906-02-01,,343.41,,,,,
1906-03-01,,335.0,,,,,
1906-04-01,,330.45,,,,,
1906-05-01,,318.31,,,,,
1906-06-01,,322.47,,,,,
1906-07-01,,324.77,,,,,
1906-08-01,,340.96,,,,,
1906-09-01,,347.78,,,,,
1906-10-01,,330.05,,,,,
1906-11-01,,333.03,,,,,
1906-12-01,,326.69,,,,,
1907-01-01,,320.62,,,,,
1907-02-01,,304.03,,,,,
1907-03-01,,277.22,,,,,
1907-04-01,,278.55,,,,,
1907-05-01,,263.32,,,,,
1907-06-01,,252.11,,,,,
1907-07-01,,261.76,,,,,
1907-08-01,,242.14,,,,,
1907-09-01,,239.57,,,,,
1907-10-01,,211.46,,,,,
1907-11-01,,207.5,,,,,
1907-12-01,,222.86,,,,,
1908-01-01,,234.77,,,,,
1908-02-01,,228.85,,,,,
1908-03-01,,238.21,,,,,
1908-04-01,,248.14,,,,,
1908-05-01,,261.51,,,,,
1908-06-01,,261.85,,,,,
1908-07-01,,268.65,,,,,
1908-08-01,,280.19,,,,,
1908-09-01,,277.13,,,,,
1908-10-01,,277.36,,,,,
1908-11-01,,293.16,,,,,
1908-12-01,,296.48,,,,,
1909-01-01,,300.79,,,,,
1909-02-01,,288.93,,,,,
1909-03-01,,292.87,,,,,
1909-04-01,,299.7,,,,,
1909-05-01,,306.68,,,,,
1909-06-01,,308.78,,,,,
1909-07-01,,313.19,,,,,
1909-08-01,,317.72,,,,,
1909-09-01,,314.72,,,,,
1909-10-01,,309.83,,,,,
1909-11-01,,305.2,,,,,
1909-12-01,,306.02,,,,,
1910-01-01,,302.2,,,,,
1910-02-01,,291.41,,,,,
1910-03-01,,292.98,,,,,
1910-04-01,,283.4,,,,,
1910-05-01,,284.03,,,,,
1910-06-01,,272.82,,,,,
1910-07-01,,259.03,,,,,
1910-08-01,,268.04,,,,,
1910-09-01,,272.63,,,,,
1910-10-01,,293.66,,,,,
1910-11-01,,299.38,,,,,
1910-12-01,,291.02,,,,,
1911-01-01,,298.09,,,,,
1911-02-01,,313.08,,,,,
1911-03-01,,306.0,,,,,
1911-04-01,,314.79,,,,,
1911-05-01,,321.57,,,,,
1911-06-01,,328.02,,,,,
1911-07-01,,322.97,,,,,
1911-08-01,,298.11,,,,,
1911-09-01,,278.8,,,,,
1911-10-01,,280.41,,,,,
1911-11-01,,294.86,,,,,
1911-12-01,,299.11,,,,,
1912-01-01,,296.48,,,,,
1912-02-01,,290.7,,,,,
1912-03-01,,293.03,,,,,
1912-04-01,,293.44,,,,,
1912-05-01,,293.14,,,,,
1912-06-01,,295.88,,,,,
1912-07-01,,296.19,,,,,
1912-08-01,,300.17,,,,,
1912-09-01,,298.63,,,,,
1912-10-01,,298.02,,,,,
1912-11-01,,294.69,,,,,
1912-12-01,,287.02,,,,,
1913-01-01,,281.66,9.8,,,,
1913-02-01,,271.67,9.8,,,,
1913-03-01,,266.52,9.8,,,,
1913-04-01,,266.22,9.8,,,,
1913-05-01,,261.62,9.7,,,,
1913-06-01,,245.93,9.8,,,,
1913-07-01,,246.74,9.9,,,,
1913-08-01,,253.34,9.9,,,,
1913-09-01,,253.18,10.0,,,,
1913-10-01,,245.16,10.0,,,,
1913-11-01,,236.56,10.1,,,,
1913-12-01,,238.63,10.0,,,,
1914-01-01,,248.43,10.0,,,,
1914-02-01,,254.24,9.9,,,,
1914-03-01,,249.44,9.9,,,,
1914-04-01,,245.93,9.8,,,,
1914-05-01,,244.94,9.9,,,,
1914-06-01,,243.74,9.9,,,,
1914-07-01,,227.95,10.0,,,,
1914-08-01,,223.48,10.2,,,,
1914-09-01,,223.48,10.2,,,,
1914-10-01,,225.69,10.1,,,,
1914-11-01,,223.48,10.2,,,,
1914-12-01,,215.99,10.1,,,,
1915-01-01,,219.81,10.1,,,,
1915-02-01,,219.04,10.0,,,,
1915-03-01,,226.95,9.9,,,,
1915-04-01,,241.6,10.0,,,,
1915-05-01,,233.63,10.1,,,,
1915-06-01,,236.27,10.1,,,,
1915-07-01,,235.39,10.1,,,,
1915-08-01,,245.38,10.1,,,,
1915-09-01,,254.49,10.1,,,,
1915-10-01,,265.96,10.2,,,,
1915-11-01,,272.6,10.3,,,,
1915-12-01,,273.18,10.3,,,,
1916-01-01,,266.27,10.4,,,,
1916-02-01,,262.56,10.4,,,,
1916-03-01,,259.21,10.5,,,,
1916-04-01,,253.97,10.6,,,,
1916-05-01,,257.14,10.7,,,,
1916-06-01,,257.23,10.8,,,,
1916-07-01,,253.66,10.8,,,,
1916-08-01,,253.24,10.9,,,,
1916-09-01,,258.84,11.1,,,,
1916-10-01,,262.14,11.3,,,,
1916-11-01,,263.51,11.5,,,,
1916-12-01,,250.75,11.6,,,,
1917-01-01,,242.77,11.7,,,,
1917-02-01,,223.35,12.0,,,,
1917-03-01,,230.27,12.0,,,,
1917-04-01,,216.01,12.6,,,,
1917-05-01,,205.45,12.8,,,,
1917-06-01,,206.4,13.0,,,,
1917-07-01,,203.82,12.8,,,,
1917-08-01,,194.75,13.0,,,,
1917-09-01,,181.21,13.3,,,,
1917-10-01,,168.85,13.5,,,,
1917-11-01,,154.78,13.5,,,,
1917-12-01,,147.32,13.7,,,,
1918-01-01,,152.86,14.0,,,,
1918-02-01,,156.4,14.1,,,,
1918-03-01,,154.34,14.0,,,,
1918-04-01,,150.7,14.2,,,,
1918-05-01,,152.29,14.5,,,,
1918-06-01,,150.42,14.7,,,,
1918-07-01,,147.62,15.1,,,,
1918-08-01,,146.09,15.4,,,,
1918-09-01,,142.54,15.7,,,,
1918-10-01,,145.81,16.0,,,,
1918-11-01,,146.77,16.3,,,,
1918-12-01,,142.11,16.5,,,,
1919-01-01,,141.21,16.5,,,,
1919-02-01,,144.37,16.2,,,,
1919-03-01,,146.96,16.4,,,,
1919-04-01,,149.11,16.7,,,,
1919-05-01,,157.54,16.9,,,,
1919-06-01,,161.75,16.9,,,,
1919-07-01,,162.22,17.4,,,,
1919-08-01,,148.74,17.7,,,,
1919-09-01,,150.24,17.8,,,,
1919-10-01,,155.29,18.1,,,,
1919-11-01,,147.44,18.5,,,,
1919-12-01,,140.08,18.9,,,,
1920-01-01,,135.79,19.3,,,,
1920-02-01,,123.29,19.5,,,,
1920-03-01,,130.63,19.7,,,,
1920-04-01,,125.74,20.3,,,,
1920-05-01,,116.13,20.6,,,,
1920-06-01,,112.47,20.9,,,,
1920-07-01,,112.87,20.8,,,,
1920-08-01,,111.12,20.3,,,,
1920-09-01,,116.79,20.0,,,,
1920-10-01,,117.53,19.9,,,,
1920-11-01,,112.13,19.8,,,,
1920-12-01,,104.19,19.4,,,,
1921-01-01,,111.07,19.0,,,,
1921-02-01,,113.88,18.4,,,,
1921-03-01,,111.59,18.3,,,,
1921-04-01,,113.31,18.1,,,,
1921-05-01,,119.39,17.7,,,,
1921-06-01,,110.46,17.6,,,,
1921-07-01,,109.5,17.7,,,,
1921-08-01,,108.16,17.7,,,,
1921-09-01,,112.11,17.5,,,,
1921-10-01,,113.64,17.5,,,,
1921-11-01,,120.43,17.4,,,,
1921-12-01,,125.41,17.3,,,,
1922-01-01,,128.21,16.9,,,,
1922-02-01,,131.02,16.9,,,,
1922-03-01,,137.56,16.7,,,,
1922-04-01,,145.92,16.7,,,,
1922-05-01,,151.6,16.7,,,,
1922-06-01,,150.18,16.7,,,,
1922-07-01,,150.35,16.8,,,,
1922-08-01,,157.88,16.6,,,,
1922-09-01,,161.99,16.6,,,,
1922-10-01,,164.58,16.7,,,,
1922-11-01,,155.47,16.8,,,,
1922-12-01,,154.2,16.9,,,,
1923-01-01,,157.24,16.8,,,,
1923-02-01,,163.95,16.8,,,,
1923-03-01,,166.6,16.8,,,,
1923-04-01,,159.82,16.9,,,,
1923-05-01,,152.27,16.9,,,,
1923-06-01,,145.61,17.0,,,,
1923-07-01,,139.09,17.2,,,,
1923-08-01,,140.59,17.1,,,,
1923-09-01,,140.64,17.2,,,,
1923-10-01,,137.77,17.3,,,,
1923-11-01,,141.88,17.3,,,,
1923-12-01,,146.69,17.3,,,,
1924-01-01,,151.49,17.3,,,,
1924-02-01,,153.06,17.2,,,,
1924-03-01,,151.01,17.1,,,,
1924-04-01,,148.4,17.0,,,,
1924-05-01,,147.88,17.0,,,,
1924-06-01,,150.67,17.0,,,,
1924-07-01,,156.74,17.1,,,,
1924-08-01,,163.07,17.0,,,,
1924-09-01,,160.55,17.1,,,,
1924-10-01,,157.55,17.2,,,,
1924-11-01,,166.35,17.2,,,,
1924-12-01,,174.31,17.3,,,,
1925-01-01,,181.52,17.3,,,,
1925-02-01,,184.12,17.2,,,,
1925-03-01,,178.26,17.3,,,,
1925-04-01,,177.39,17.2,,,,
1925-05-01,,182.03,17.3,,,,
1925-06-01,,183.17,17.5,,,,
1925-07-01,,186.13,17.7,,,,
1925-08-01,,188.65,17.7,,,,
1925-09-01,,193.01,17.7,,,,
1925-10-01,,199.38,17.7,,,,
1925-11-01,,202.16,18.0,,,,
1925-12-01,,206.6,17.9,,,,
1926-01-01,,209.76,17.9,,,,
1926-02-01,,210.09,17.9,,,,
1926-03-01,,196.93,17.8,,,,
1926-04-01,,190.36,17.9,,,,
1926-05-01,,192.76,17.8,,,,
1926-06-01,,203.07,17.7,,,,
1926-07-01,,214.04,17.5,,,,
1926-08-01,,223.8,17.4,,,,
1926-09-01,,225.91,17.5,,,,
1926-10-01,,219.57,17.6,,,,
1926-11-01,,221.18,17.7,,,,
1926-12-01,,226.21,17.7,,,,
1927-01-01,,227.27,17.5,,,,
1927-02-01,,233.01,17.4,,,,
1927-03-01,,237.96,17.3,,,,
1927-04-01,,243.79,17.3,,,,
1927-05-01,,250.75,17.4,,,,
1927-06-01,,251.11,17.6,,,,
1927-07-01,,261.12,17.3,,,,
1927-08-01,,276.62,17.2,,,,
1927-09-01,,290.63,17.3,,,,
1927-10-01,,284.53,17.4,,,,
1927-11-01,,292.69,17.3,,,,
1927-12-01,,299.55,17.3,,,,
1928-01-01,,300.75,17.3,,,,
1928-02-01,,300.63,17.1,,,,
1928-03-01,,316.77,17.1,,,,
1928-04-01,,336.73,17.1,,,,
1928-05-01,,345.13,17.2,,,,
1928-06-01,,330.13,17.1,,,,
1928-07-01,,332.56,17.1,,,,
1928-08-01,,343.33,17.1,,,,
1928-09-01,,363.2,17.3,,,,
1928-10-01,,372.74,17.2,,,,
1928-11-01,,397.93,17.2,,,,
1928-12-01,,401.82,17.1,,,,
1929-01-01,,431.5,17.1,,,,
1929-02-01,,433.76,17.1,,,,
1929-03-01,,443.99,17.0,,,,
1929-04-01,,443.98,16.9,,,,
1929-05-01,,448.01,17.0,,,,
1929-06-01,,453.89,17.1,,,,
1929-07-01,,488.62,17.3,,,,
1929-08-01,,516.41,17.3,,,,
1929-09-01,,537.0,17.3,,,,
1929-10-01,,480.21,17.3,,,,
1929-11-01,,353.08,17.3,,,,
1929-12-01,,369.28,17.2,,,,
1930-01-01,,376.82,17.1,,,,
1930-02-01,,402.79,17.0,,,,
1930-03-01,,420.45,16.9,,,,
1930-04-01,,444.51,17.0,,,,
1930-05-01,,420.45,16.9,,,,
1930-06-01,,380.2,16.8,,,,
1930-07-01,,376.55,16.6,,,,
1930-08-01,,373.98,16.5,,,,
1930-09-01,,371.55,16.6,,,,
1930-10-01,,322.35,16.5,,,,
1930-11-01,,300.79,16.4,,,,
1930-12-01,,285.93,16.1,,,,
1931-01-01,,298.3,15.9,,,,
1931-02-01,,325.17,15.7,,,,
1931-03-01,,333.53,15.6,,,,
1931-04-01,,303.7,15.5,,,,
1931-05-01,,277.99,15.3,,,,
1931-06-01,,272.63,15.1,,,,
1931-07-01,,281.67,15.1,,,,
1931-08-01,,273.22,15.1,,,,
1931-09-01,,234.08,15.0,,,,
1931-10-01,,204.18,14.9,,,,
1931-11-01,,209.78,14.7,,,,
1931-12-01,,171.58,14.6,,,,
1932-01-01,,172.27,14.3,,,,
1932-02-01,,173.24,14.1,,,,
1932-03-01,,175.12,14.0,,,,
1932-04-01,,134.1,13.9,,,,
1932-05-01,,119.37,13.7,,,,
1932-06-01,,104.1,13.6,,,,
1932-07-01,,109.34,13.6,,,,
1932-08-01,,165.55,13.5,,,,
1932-09-01,,182.96,13.4,,,,
1932-10-01,,158.89,13.3,,,,
1932-11-01,,158.52,13.2,,,,
1932-12-01,,154.52,13.1,,,,
1933-01-01,,163.13,12.9,,,,
1933-02-01,,146.07,12.7,,,,
1933-03-01,,146.76,12.6,,,,
1933-04-01,,162.3,12.6,,,,
1933-05-01,,208.94,12.6,,,,
1933-06-01,,242.82,12.7,,,,
1933-07-01,,254.44,13.1,,,,
1933-08-01,,239.92,13.2,,,,
1933-09-01,,237.9,13.2,,,,
1933-10-01,,214.74,13.2,,,,
1933-11-01,,219.91,13.2,,,,
1933-12-01,,224.18,13.2,,,,
1934-01-01,,237.0,13.2,,,,
1934-02-01,,252.62,13.3,,,,
1934-03-01,,239.68,13.3,,,,
1934-04-01,,243.69,13.3,,,,
1934-05-01,,218.92,13.3,,,,
1934-06-01,,220.17,13.4,,,,
1934-07-01,,209.76,13.4,,,,
1934-08-01,,201.56,13.4,,,,
1934-09-01,,193.8,13.6,,,,
1934-10-01,,196.77,13.5,,,,
1934-11-01,,202.27,13.5,,,,
1934-12-01,,205.11,13.4,,,,
1935-01-01,,202.09,13.6,,,,
1935-02-01,,194.55,13.7,,,,
1935-03-01,,182.2,13.7,,,,
1935-04-01,,194.43,13.8,,,,
1935-05-01,,209.7,13.8,,,,
1935-06-01,,219.25,13.7,,,,
1935-07-01,,230.73,13.7,,,,
1935-08-01,,246.33,13.7,,,,
1935-09-01,,251.53,13.7,,,,
1935-10-01,,258.24,13.7,,,,
1935-11-01,,280.46,13.8,,,,
1935-12-01,,280.46,13.8,,,,
1936-01-01,,295.95,13.8,,,,
1936-02-01,,312.94,13.8,,,,
1936-03-01,,321.94,13.7,,,,
1936-04-01,,322.37,13.7,,,,
1936-05-01,,305.26,13.7,,,,
1936-06-01,,315.95,13.8,,,,
1936-07-01,,332.25,13.9,,,,
1936-08-01,,336.45,14.0,,,,
1936-09-01,,340.27,14.0,,,,
1936-10-01,,358.08,14.0,,,,
1936-11-01,,368.04,14.0,,,,
1936-12-01,,361.68,14.0,,,,
1937-01-01,,370.27,14.1,,,,
1937-02-01,,381.22,14.1,,,,
1937-03-01,,378.12,14.2,,,,
1937-04-01,,353.06,14.3,,,,
1937-05-01,,334.94,14.4,,,,
1937-06-01,,322.37,14.4,,,,
1937-07-01,,339.18,14.5,,,,
1937-08-01,,342.66,14.5,,,,
1937-09-01,,292.13,14.6,,,,
1937-10-01,,249.64,14.6,,,,
1937-11-01,,229.26,14.5,,,,
1937-12-01,,227.14,14.4,,,,
1938-01-01,,236.4,14.2,,,,
1938-02-01,,232.39,14.1,,,,
1938-03-01,,217.03,14.1,,,,
1938-04-01,,206.72,14.2,,,,
1938-05-01,,210.08,14.1,,,,
1938-06-01,,214.92,14.1,,,,
1938-07-01,,257.65,14.1,,,,
1938-08-01,,259.13,14.1,,,,
1938-09-01,,247.34,14.1,,,,
1938-10-01,,276.88,14.0,,,,
1938-11-01,,277.09,14.0,,,,
1938-12-01,,269.04,14.0,,,,
1939-01-01,,265.01,14.0,,,,
1939-02-01,,264.78,13.9,,,,
1939-03-01,,264.56,13.9,,,,
1939-04-01,,232.93,13.8,,,,
1939-05-01,,241.53,13.8,,,,
1939-06-01,,245.83,13.8,,,,
1939-07-01,,251.86,13.8,,,,
1939-08-01,,248.2,13.8,,,,
1939-09-01,,268.81,14.1,,,,
1939-10-01,,273.49,14.0,,,,
1939-11-01,,268.61,14.0,,,,
1939-12-01,,262.25,14.0,,,,
1940-01-01,,262.64,13.9,,,,
1940-02-01,,259.07,14.0,,,,
1940-03-01,,257.59,14.0,,,,
1940-04-01,,260.13,14.0,,,,
1940-05-01,,224.3,14.0,,,,
1940-06-01,,203.56,14.1,,,,
1940-07-01,,211.79,14.0,,,,
1940-08-01,,216.25,14.0,,,,
1940-09-01,,225.36,14.0,,,,
1940-10-01,,227.48,14.0,,,,
1940-11-01,,232.78,14.0,,,,
1940-12-01,,221.66,14.1,,,,
1941-01-01,,222.08,14.1,,,,
1941-02-01,,208.19,14.1,,,,
1941-03-01,,207.97,14.2,,,,
1941-04-01,,200.09,14.3,,,,
1941-05-01,,194.37,14.4,,,,
1941-06-01,,197.06,14.7,,,,
1941-07-01,,207.16,14.7,,,,
1941-08-01,,203.38,14.9,,,,
1941-09-01,,201.28,15.1,,,,
1941-10-01,,190.69,15.3,,,,
1941-11-01,,180.59,15.4,,,,
1941-12-01,,167.74,15.5,,,,
1942-01-01,,168.82,15.7,,,,
1942-02-01,,162.49,15.8,,,,
1942-03-01,,151.74,16.0,,,,
1942-04-01,,144.53,16.1,,,,
1942-05-01,,144.4,16.3,,,,
1942-06-01,,151.68,16.3,,,,
1942-07-01,,156.37,16.4,,,,
1942-08-01,,154.52,16.5,,,,
1942-09-01,,156.14,16.5,,,,
1942-10-01,,165.64,16.7,,,,
1942-11-01,,167.31,16.8,,,,
1942-12-01,,167.2,16.9,,,,
1943-01-01,,177.21,16.9,,,,
1943-02-01,,187.74,16.9,,,,
1943-03-01,,191.03,17.2,,,,
1943-04-01,,195.14,17.4,,,,
1943-05-01,,201.66,17.5,,,,
1943-06-01,,205.22,17.5,,,,
1943-07-01,,210.67,17.4,,,,
1943-08-01,,201.42,17.3,,,,
1943-09-01,,204.52,17.4,,,,
1943-10-01,,202.65,17.4,,,,
1943-11-01,,193.27,17.4,,,,
1943-12-01,,195.83,17.4,,,,
1944-01-01,,202.14,17.4,,,,
1944-02-01,,200.77,17.4,,,,
1944-03-01,,206.4,17.4,,,,
1944-04-01,,201.66,17.5,,,,
1944-05-01,,205.22,17.5,,,,
1944-06-01,,213.67,17.6,,,,
1944-07-01,,217.99,17.7,,,,
1944-08-01,,214.81,17.7,,,,
1944-09-01,,211.29,17.7,,,,
1944-10-01,,216.49,17.7,,,,
1944-11-01,,214.98,17.7,,,,
1944-12-01,,218.44,17.8,,,,
1945-01-01,,224.94,17.8,,,,
1945-02-01,,232.44,17.8,,,,
1945-03-01,,232.28,17.8,,,,
1945-04-01,,238.11,17.8,,,,
1945-05-01,,245.74,17.9,,,,
1945-06-01,,247.45,18.1,,,,
1945-07-01,,242.37,18.1,,,,
1945-08-01,,243.19,18.1,,,,
1945-09-01,,259.75,18.1,,,,
1945-10-01,,270.57,18.1,,,,
1945-11-01,,279.43,18.1,,,,
1945-12-01,,282.62,18.2,,,,
1946-01-01,,293.87,18.2,,,,
1946-02-01,,296.32,18.1,,,,
1946-03-01,,284.32,18.3,,,,
1946-04-01,,301.0,18.4,,,,
1946-05-01,,300.02,18.5,,,,
1946-06-01,,294.9,18.7,,,,
1946-07-01,,270.57,19.8,,,,
1946-08-01,,260.07,20.2,,,,
1946-09-01,,219.55,20.4,,,,
1946-10-01,,210.48,20.8,,,,
1946-11-01,,204.7,21.3,,,,
1946-12-01,,208.87,21.5,,,,
1947-01-01,,209.97,21.5,,,,
1947-02-01,,218.12,21.5,,,,
1947-03-01,,205.46,21.9,,,,
1947-04-01,,197.87,21.9,,,,
1947-05-01,,194.35,21.9,,,,
1947-06-01,,200.21,22.0,,,,
1947-07-01,,210.84,22.2,,,,
1947-08-01,,203.94,22.5,,,,
1947-09-01,,194.34,23.0,,,,
1947-10-01,,199.38,23.0,,,,
1947-11-01,,196.2,23.1,,,,
1947-12-01,,190.64,23.4,,,,
1948-01-01,,185.72,23.7,,,,51.7
1948-02-01,,178.08,23.5,,,,50.2
1948-03-01,,181.38,23.4,,,,43.3
1948-04-01,,192.05,23.8,,,,45.4
1948-05-01,,200.56,23.9,,,,49.5
1948-06-01,,207.15,24.1,,,,53.0
1948-07-01,,199.74,24.4,,,,48.4
1948-08-01,,193.11,24.5,,,,45.1
1948-09-01,,190.93,24.5,,,,42.1
1948-10-01,,196.94,24.4,,,,47.2
1948-11-01,,187.53,24.2,,,,42.4
1948-12-01,,187.08,24.1,,,,35.0
1949-01-01,,189.96,24.0,,,,32.9
1949-02-01,,184.2,23.8,,,,31.3
1949-03-01,,185.94,23.8,,,,34.5
1949-04-01,,184.92,23.9,,,,35.5
1949-05-01,,184.32,23.8,,,,32.6
1949-06-01,,173.49,23.9,,,,31.6
1949-07-01,,184.85,23.7,,,,39.0
1949-08-01,,190.68,23.8,,,,47.0
1949-09-01,,192.37,23.9,,,,52.3
1949-10-01,,199.0,23.7,,,,51.0
1949-11-01,,200.91,23.8,,,,51.0
1949-12-01,,208.02,23.6,,,,57.3
1950-01-01,,213.2,23.5,,,,59.1
1950-02-01,,217.36,23.5,,,,60.5
1950-03-01,,218.2,23.6,,,,62.1
1950-04-01,,224.37,23.6,,,,68.1
1950-05-01,,230.93,23.7,,,,74.7
1950-06-01,,233.71,23.8,,,,76.6
1950-07-01,,214.05,24.1,,,,77.5
1950-08-01,,225.11,24.3,,,,75.8
1950-09-01,,232.09,24.4,,,,68.1
1950-10-01,,239.74,24.6,,,,59.2
1950-11-01,,238.29,24.7,,,,63.1
1950-12-01,,234.48,25.0,,,,67.1
1951-01-01,,247.85,25.4,,,,67.8
1951-02-01,,254.08,25.7,,,,69.3
1951-03-01,,248.84,25.8,,,,65.5
1951-04-01,,252.17,25.8,,,,53.5
1951-05-01,,251.31,25.9,,,,50.7
1951-06-01,,246.96,25.9,,,,45.5
1951-07-01,,251.31,25.9,,,,42.1
1951-08-01,,262.31,25.9,,,,43.6
1951-09-01,,267.01,26.1,,,,48.1
1951-10-01,,264.63,26.2,,,,49.6
1951-11-01,,255.32,26.4,,,,47.2
1951-12-01,,262.2,26.5,,,,46.5
1952-01-01,,270.94,26.5,,,,44.7
1952-02-01,,268.03,26.3,,,,41.8
1952-03-01,,268.71,26.3,,,,40.0
1952-04-01,,266.9,26.4,,,,36.7
1952-05-01,,266.79,26.4,,,,39.5
1952-06-01,,273.06,26.5,,,,43.3
1952-07-01,,278.8,26.7,,,,48.3
1952-08-01,,279.91,26.7,,,,60.4
1952-09-01,,275.46,26.7,,,,56.1
1952-10-01,,269.68,26.7,,,,56.2
1952-11-01,,278.24,26.7,,,,56.8
1952-12-01,,289.47,26.7,,,,55.8
1953-01-01,,292.12,26.6,,,,59.4
1953-02-01,,289.64,26.5,,,,55.4
1953-03-01,,290.0,26.6,,,,50.5
1953-04-01,,275.72,26.6,,,,51.1
1953-05-01,,276.13,26.7,,,,48.9
1953-06-01,,265.24,26.8,,,,48.5
1953-07-01,,269.01,26.8,,,,46.3
1953-08-01,,269.11,26.9,,,,43.5
1953-09-01,,256.76,26.9,,,,40.2
1953-10-01,,263.5,27.0,,,,37.4
1953-11-01,,270.33,26.9,,,,36.9
1953-12-01,,273.97,26.9,,,,35.6
1954-01-01,,280.92,26.9,,,,37.4
1954-02-01,,287.1,26.9,,,,40.7
1954-03-01,,293.17,26.9,,,,44.7
1954-04-01,,306.0,26.8,,,,47.7
1954-05-01,,317.0,26.9,,,,50.1
1954-06-01,,319.54,26.9,,,,52.1
1954-07-01,,332.45,26.9,,,,51.7
1954-08-01,,339.07,26.9,,,,54.4
1954-09-01,,348.31,26.8,,,,53.5
1954-10-01,,356.39,26.8,,,,58.2
1954-11-01,,370.35,26.8,,,,58.8
1954-12-01,,388.74,26.7,,,,63.8
1955-01-01,,395.74,26.7,,,,63.0
1955-02-01,,408.97,26.7,,,,67.8
1955-03-01,,405.75,26.7,,,,67.5
1955-04-01,,419.76,26.7,,,,68.7
1955-05-01,,417.98,26.7,,,,69.5
1955-06-01,,442.21,26.7,,,,63.3
1955-07-01,,472.79,26.8,,,,66.2
1955-08-01,,469.91,26.8,,,,64.8
1955-09-01,,489.24,26.9,,,,62.4
1955-10-01,,464.63,26.9,,,,63.7
1955-11-01,,495.97,26.9,,,,62.0
1955-12-01,,502.47,26.8,,,,65.6
1956-01-01,,488.96,26.8,,,,60.2
1956-02-01,,492.06,26.8,,,,58.2
1956-03-01,,525.95,26.8,,,,57.2
1956-04-01,,530.17,26.9,,,,55.9
1956-05-01,,511.61,27.0,,,,51.2
1956-06-01,,504.9,27.2,,,,47.7
1956-07-01,,528.4,27.4,,,,44.2
1956-08-01,,527.19,27.3,,,,51.5
1956-09-01,,507.39,27.4,,,,55.5
1956-10-01,,499.07,27.5,,,,52.7
1956-11-01,,493.89,27.5,,,,55.0
1956-12-01,,499.41,27.6,,,,52.7
1957-01-01,,488.55,27.6,,,,53.6
1957-02-01,,465.78,27.7,,,,51.0
1957-03-01,,470.09,27.8,,,,47.5
1957-04-01,,479.25,27.9,,,,43.1
1957-05-01,,495.88,28.0,,,,43.4
1957-06-01,,502.25,28.1,,,,45.9
1957-07-01,,508.77,28.3,,,,45.7
1957-08-01,,480.77,28.3,,,,45.3
1957-09-01,,461.26,28.3,,,,45.8
1957-10-01,,432.52,28.3,,,,41.1
1957-11-01,,421.7,28.4,,,,40.4
1957-12-01,,421.49,28.4,,,,36.8
1958-01-01,,426.74,28.6,,,,33.4
1958-02-01,,428.19,28.6,,,,37.2
1958-03-01,,433.98,28.8,,,,39.8
1958-04-01,,434.84,28.9,,,,39.1
1958-05-01,,448.81,28.9,,,,46.6
1958-06-01,,459.59,28.9,,,,51.4
1958-07-01,,470.59,29.0,,,,54.7
1958-08-01,,489.89,28.9,,,,57.3
1958-09-01,,502.83,28.9,,,,59.8
1958-10-01,,523.27,28.9,,,,62.3
1958-11-01,,537.32,29.0,,,,62.7
1958-12-01,,549.35,28.9,,,,60.5
1959-01-01,289.8,569.26,29.0,,,,64.4
1959-02-01,287.7,562.5,28.9,,,,66.9
1959-03-01,287.9,576.77,28.9,,,,67.1
1959-04-01,290.2,584.4,29.0,,,,66.9
1959-05-01,290.2,593.21,29.0,,,,68.2
1959-06-01,292.5,586.07,29.1,,,,64.4
1959-07-01,294.4,607.24,29.2,,,,61.5
1959-08-01,294.8,603.78,29.2,,,,55.1
1959-09-01,296.1,577.91,29.3,,,,48.3
1959-10-01,296.9,575.44,29.4,,,,49.7
1959-11-01,297.8,577.77,29.4,,,,50.6
1959-12-01,300.6,596.24,29.4,,,,58.2
1960-01-01,301.5,587.84,29.3,,,,61.5
1960-02-01,298.5,563.13,29.4,,,,52.3
1960-03-01,298.2,555.45,29.4,,,,47.8
1960-04-01,300.3,560.72,29.5,,,,45.3
1960-05-01,298.9,555.58,29.5,,,,42.6
1960-06-01,300.9,574.16,29.6,,,,44.4
1960-07-01,303.5,559.92,29.6,,,,43.7
1960-08-01,305.2,566.64,29.6,,,,47.6
1960-09-01,307.8,549.6,29.6,,,,45.4
1960-10-01,309.9,535.15,29.8,,,,46.0
1960-11-01,311.7,552.48,29.8,,,,44.3
1960-12-01,315.3,565.73,29.8,,,,44.3
1961-01-01,317.5,594.81,29.8,,,,43.9
1961-02-01,316.6,619.21,29.8,,,,43.6
1961-03-01,317.2,638.64,29.8,,,,49.1
1961-04-01,320.2,655.67,29.8,,,,57.6
1961-05-01,320.0,662.34,29.8,,,,58.9
1961-06-01,322.7,653.58,29.8,,,,58.1
1961-07-01,324.9,647.44,30.0,,,,58.2
1961-08-01,325.8,672.93,29.9,,,,60.7
1961-09-01,328.8,665.44,30.0,,,,63.0
1961-10-01,331.5,672.76,30.0,,,,62.2
1961-11-01,334.1,703.24,30.0,,,,59.0
1961-12-01,338.5,709.77,30.0,,,,64.2
1962-01-01,341.1,683.35,30.0,,,,60.9
1962-02-01,340.3,692.42,30.1,,,,61.1
1962-03-01,342.1,693.11,30.1,,,,60.6
1962-04-01,346.0,668.8,30.2,,,,55.1
1962-05-01,345.0,619.07,30.2,,,,52.2
1962-06-01,347.7,546.74,30.2,,,,50.8
1962-07-01,350.1,558.06,30.3,,,,51.0
1962-08-01,350.9,573.24,30.3,,,,49.5
1962-09-01,353.9,566.28,30.4,,,,50.0
1962-10-01,357.5,548.41,30.4,,,,51.2
1962-11-01,360.5,586.2,30.4,,,,53.8
1962-12-01,365.8,611.58,30.4,,,,57.2
1963-01-01,369.1,635.21,30.4,,,,55.2
1963-02-01,368.0,643.6,30.4,,,,55.1
1963-03-01,369.8,639.06,30.5,,,,54.7
1963-04-01,373.8,669.13,30.5,,,,57.6
1963-05-01,373.4,682.56,30.5,,,,59.8
1963-06-01,376.7,680.04,30.6,,,,58.2
1963-07-01,380.2,667.77,30.7,,,,55.5
1963-08-01,381.5,686.24,30.7,,,,55.1
1963-09-01,384.9,704.31,30.7,,,,56.9
1963-10-01,388.8,703.76,30.8,,,,57.7
1963-11-01,392.3,699.81,30.8,,,,57.5
1963-12-01,396.4,712.44,30.9,,,,54.0
1964-01-01,399.5,734.34,30.9,,,,57.1
1964-02-01,397.6,743.36,30.9,,,,57.9
1964-03-01,398.9,756.91,30.9,,,,60.2
1964-04-01,402.4,767.86,30.9,,,,59.2
1964-05-01,401.3,775.35,30.9,,,,58.7
1964-06-01,405.3,768.25,31.0,,,,60.1
1964-07-01,409.3,794.22,31.1,,,,62.9
1964-08-01,411.1,785.11,31.0,,,,63.3
1964-09-01,415.7,796.04,31.1,,,,63.3
1964-10-01,419.9,809.78,31.1,,,,60.7
1964-11-01,422.9,812.8,31.2,,,,61.8
1964-12-01,428.3,798.72,31.2,,,,62.4
1965-01-01,432.3,819.27,31.2,,,,61.0
1965-02-01,430.1,825.26,31.2,,,,62.1
1965-03-01,432.2,823.38,31.3,,,,64.9
1965-04-01,436.2,831.54,31.4,,,,62.0
1965-05-01,433.7,843.92,31.4,,,,61.3
1965-06-01,438.4,798.75,31.6,,,,58.7
1965-07-01,442.1,797.53,31.6,,,,58.1
1965-08-01,443.3,812.37,31.6,,,,58.1
1965-09-01,448.4,839.52,31.6,,,,61.0
1965-10-01,453.6,855.69,31.7,,,,58.6
1965-11-01,456.7,862.8,31.7,,,,59.4
1965-12-01,463.1,856.17,31.8,,,,62.8
1966-01-01,467.1,871.01,31.8,,,,65.8
1966-02-01,463.7,859.72,32.0,,,,65.5
1966-03-01,465.9,821.82,32.1,,,,65.7
1966-04-01,470.1,841.72,32.3,,,,64.2
1966-05-01,466.2,797.43,32.3,,,,57.7
1966-06-01,469.6,788.37,32.4,,,,59.0
1966-07-01,470.3,783.94,32.5,,,,60.3
1966-08-01,470.1,732.04,32.7,,,,58.5
1966-09-01,474.6,706.26,32.7,,,,58.7
1966-10-01,476.9,695.83,32.9,,,,57.2
1966-11-01,478.1,730.65,32.9,,,,53.7
1966-12-01,483.7,733.72,32.9,,,,52.4
1967-01-01,486.4,761.87,32.9,,209000.0,,49.1
1967-02-01,483.6,788.12,32.9,,229000.0,,47.6
1967-03-01,488.1,804.26,33.0,,260750.0,,45.3
1967-04-01,492.9,815.64,33.1,,263000.0,,42.8
1967-05-01,493.3,827.75,33.2,,235750.0,,44.5
1967-06-01,500.9,814.93,33.3,,232000.0,,46.8
1967-07-01,506.2,826.53,33.4,,227800.0,,49.5
1967-08-01,508.6,837.18,33.5,,212750.0,,52.2
1967-09-01,514.2,846.34,33.6,,216400.0,,54.9
1967-10-01,519.3,842.51,33.7,,216750.0,,54.1
1967-11-01,521.6,813.68,33.8,,206250.0,,54.2
1967-12-01,528.0,834.39,33.9,,211200.0,,55.6
1968-01-01,531.9,827.23,34.1,,215750.0,1.31677,56.6
1968-02-01,528.1,787.58,34.2,,210750.0,1.35878,55.0
1968-03-01,531.6,770.92,34.3,,195200.0,1.41275,53.8
1968-04-01,536.9,825.45,34.4,,199000.0,1.47766,58.0
1968-05-01,535.4,841.99,34.5,,199000.0,1.53842,55.3
1968-06-01,542.2,859.63,34.7,,193600.0,1.61448,53.5
1968-07-01,546.2,853.0,34.9,,196250.0,1.68567,54.1
1968-08-01,547.6,832.0,35.0,,199400.0,1.76911,52.7
1968-09-01,553.1,856.6,35.1,,191000.0,1.83973,51.8
1968-10-01,558.5,872.77,35.3,,186000.0,1.95513,55.8
1968-11-01,562.5,883.72,35.4,,183400.0,1.99721,58.1
1968-12-01,569.7,890.42,35.5,,199500.0,2.04154,56.1
1969-01-01,573.5,850.4,35.6,,191500.0,2.13751,54.9
1969-02-01,569.1,841.51,35.8,,196000.0,2.21634,57.0
1969-03-01,572.8,816.43,36.1,,189000.0,2.3077,57.1
1969-04-01,577.4,828.28,36.3,,184000.0,2.43857,55.2
1969-05-01,573.5,852.92,36.4,,181200.0,2.59369,56.7
1969-06-01,578.7,803.98,36.6,,192000.0,2.72796,55.5
1969-07-01,580.6,763.88,36.8,,208750.0,2.86367,53.1
1969-08-01,578.4,755.5,37.0,,198400.0,2.9972,54.8
1969-09-01,581.3,756.1,37.1,,194750.0,3.15896,54.1
1969-10-01,583.7,760.08,37.3,,199250.0,3.32694,54.6
1969-11-01,584.8,761.49,37.5,,205000.0,3.46395,53.2
1969-12-01,590.1,717.3,37.7,,219750.0,3.60484,52.0
1970-01-01,592.0,709.12,37.8,,247000.0,3.69321,48.7
1970-02-01,583.4,680.78,38.0,,258500.0,3.80258,47.4
1970-03-01,587.3,688.8,38.2,,268250.0,3.90814,46.9
1970-04-01,592.9,662.61,38.5,,325250.0,4.03354,45.0
1970-05-01,590.8,584.85,38.6,,310400.0,4.1379,47.2
1970-06-01,597.5,578.24,38.8,,296500.0,4.28008,51.1
1970-07-01,601.2,576.26,39.0,,286500.0,4.42289,49.5
1970-08-01,603.0,593.01,39.0,,285400.0,4.54239,47.3
1970-09-01,608.7,625.27,39.2,,318500.0,4.68666,44.1
1970-10-01,614.0,635.58,39.4,,333600.0,4.83592,42.4
1970-11-01,618.2,631.69,39.6,,325250.0,4.91497,39.7
1970-12-01,627.8,671.55,39.8,,306000.0,4.96146,45.4
1971-01-01,635.5,697.2,39.8,,298800.0,7.16898,47.9
1971-02-01,638.0,722.38,39.9,,284000.0,7.23287,54.8
1971-03-01,650.0,739.05,40.0,,293750.0,7.29756,51.2
1971-04-01,663.5,762.37,40.1,,287500.0,7.45991,54.5
1971-05-01,666.1,748.28,40.3,,292200.0,7.64201,54.2
1971-06-01,675.9,729.01,40.6,,296500.0,7.73985,53.8
1971-07-01,682.3,721.97,40.7,,293200.0,7.90086,54.4
1971-08-01,683.7,707.39,40.8,,325250.0,8.04478,53.6
1971-09-01,689.7,723.11,40.8,,320250.0,8.23075,55.1
1971-10-01,695.6,706.03,40.9,,297600.0,8.31358,55.0
1971-11-01,701.2,673.3,40.9,,287000.0,8.30586,52.3
1971-12-01,711.2,716.17,41.1,,273000.0,8.24533,57.6
1972-01-01,720.0,745.99,41.1,,271200.0,8.09201,59.6
1972-02-01,722.2,756.03,41.3,,263500.0,8.09382,60.6
1972-03-01,733.7,772.13,41.4,,262750.0,8.2353,59.8
1972-04-01,743.8,778.14,41.5,,263000.0,8.42795,59.3
1972-05-01,742.6,768.42,41.6,,267750.0,8.57825,61.4
1972-06-01,753.2,768.71,41.7,,273250.0,8.78571,58.6
1972-07-01,763.0,759.38,41.9,,297600.0,8.95798,60.1
1972-08-01,767.0,784.42,42.0,,253500.0,9.13316,61.7
1972-09-01,775.2,771.28,42.1,,256200.0,9.30774,65.1
1972-10-01,783.6,769.03,42.3,,251000.0,9.39008,67.0
1972-11-01,790.2,805.72,42.4,,250750.0,9.4018,69.9
1972-12-01,803.1,820.59,42.5,,242400.0,9.37924,70.5
1973-01-01,812.3,824.93,42.6,,228500.0,9.38086,72.1
1973-02-01,810.1,790.1,42.9,,222000.0,9.50571,69.6
1973-03-01,815.6,770.47,43.3,,227200.0,9.65566,69.6
1973-04-01,825.4,750.87,43.6,,239000.0,9.82485,67.7
1973-05-01,825.8,724.78,43.9,,240250.0,10.04368,64.8
1973-06-01,837.2,703.74,44.2,,238800.0,10.34707,65.0
1973-07-01,840.7,708.86,44.3,,242750.0,10.53074,57.8
1973-08-01,837.4,683.12,45.1,,258250.0,10.80076,62.7
1973-09-01,836.0,693.43,45.2,,246800.0,10.93355,63.5
1973-10-01,839.3,714.68,45.6,,241500.0,11.1877,66.2
1973-11-01,845.3,659.57,45.9,,253750.0,11.36228,68.1
1973-12-01,856.5,608.91,46.2,,284000.0,11.34222,63.6
1974-01-01,861.5,612.15,46.6,,305250.0,11.32678,62.1
1974-02-01,859.8,587.64,47.2,,318500.0,11.32644,58.6
1974-03-01,869.9,605.04,47.8,,311600.0,11.377,61.8
1974-04-01,878.6,571.73,48.0,,293000.0,11.58243,59.9
1974-05-01,873.4,547.63,48.6,,297500.0,11.95253,55.7
1974-06-01,881.9,543.89,49.0,,305600.0,12.28955,54.7
1974-07-01,886.0,476.52,49.4,,309500.0,12.65167,54.8
1974-08-01,882.9,451.33,50.0,,341400.0,13.02668,52.9
1974-09-01,884.7,399.58,50.6,,360750.0,13.25092,46.2
1974-10-01,890.4,403.33,51.1,,396750.0,13.53065,42.7
1974-11-01,895.4,413.46,51.5,,457600.0,13.57561,37.9
1974-12-01,903.5,383.56,51.9,,524000.0,13.24126,30.9
1975-01-01,908.0,413.37,52.1,,535000.0,13.27485,30.7
1975-02-01,908.7,452.84,52.5,,544500.0,13.22156,34.4
1975-03-01,924.4,471.85,52.7,,546600.0,13.17787,31.6
1975-04-01,941.1,475.34,52.9,,525250.0,13.34263,37.5
1975-05-01,946.2,502.68,53.2,,498800.0,13.45392,41.2
1975-06-01,966.9,511.66,53.6,,495500.0,13.59096,45.1
1975-07-01,979.7,506.49,54.2,,442000.0,13.88567,47.2
1975-08-01,982.4,468.5,54.3,,452000.0,14.16755,51.4
1975-09-01,988.4,460.27,54.6,,445250.0,14.49056,54.4
1975-10-01,995.6,478.84,54.9,,421250.0,14.81104,55.5
1975-11-01,1004.8,483.43,55.3,,400600.0,14.70324,54.5
1975-12-01,1017.8,474.36,55.5,,374250.0,14.49527,54.9
1976-01-01,1028.3,517.07,55.6,,371200.0,14.43258,58.8
1976-02-01,1034.2,535.11,55.8,,348250.0,14.35037,61.5
1976-03-01,1047.7,536.8,55.9,,360500.0,14.3141,58.4
1976-04-01,1066.9,539.12,56.1,,370250.0,14.59604,60.6
1976-05-01,1070.3,531.63,56.5,,391600.0,14.8015,58.8
1976-06-01,1080.8,531.96,56.8,,393750.0,15.08581,58.2
1976-07-01,1091.6,541.64,57.1,,390800.0,15.5854,55.9
1976-08-01,1097.3,534.15,57.4,,388500.0,15.90054,54.5
1976-09-01,1108.4,543.63,57.6,,407500.0,16.35292,53.6
1976-10-01,1125.1,522.36,57.9,,409000.0,16.74719,53.5
1976-11-01,1135.0,517.88,58.0,,389500.0,16.70557,51.7
1976-12-01,1153.5,533.95,58.2,,373750.0,16.48905,56.6
1977-01-01,1167.5,526.64,58.5,,401800.0,30.68363,54.8
1977-02-01,1169.9,507.24,59.1,,450750.0,30.5339,55.0
1977-03-01,1185.3,501.83,59.5,,360250.0,30.99794,58.4
1977-04-01,1206.6,489.98,60.0,,367400.0,31.81766,56.9
1977-05-01,1205.5,486.12,60.3,,380250.0,32.68531,59.7
1977-06-01,1219.8,485.5,60.7,,361250.0,33.43002,56.8
1977-07-01,1232.9,487.54,61.0,,361400.0,33.96685,57.7
1977-08-01,1235.3,474.07,61.2,,367250.0,34.6058,54.9
1977-09-01,1244.7,465.18,61.4,,368750.0,35.37381,53.9
1977-10-01,1255.9,451.67,61.6,,359000.0,36.47374,55.4
1977-11-01,1260.2,452.07,61.9,,353500.0,36.97917,56.1
1977-12-01,1273.0,448.41,62.1,,359600.0,37.41482,59.8
1978-01-01,1282.3,428.59,62.5,,351000.0,36.92459,57.4
1978-02-01,1276.8,419.87,62.9,,383250.0,36.89421,55.9
1978-03-01,1288.2,415.81,63.4,,349000.0,37.47917,55.0
1978-04-01,1307.4,430.63,63.9,,326000.0,38.34303,57.7
1978-05-01,1304.8,448.25,64.5,,327000.0,39.35116,60.2
1978-06-01,1319.0,444.57,65.2,,324250.0,40.54699,60.5
1978-07-01,1330.1,439.07,65.7,,350200.0,41.53508,62.2
1978-08-01,1331.4,467.25,66.0,,348750.0,42.48186,60.3
1978-09-01,1344.7,463.73,66.5,,322600.0,43.51036,60.5
1978-10-01,1355.3,444.99,67.1,,328250.0,44.44507,60.1
1978-11-01,1358.1,417.07,67.4,,330500.0,45.04068,61.3
1978-12-01,1370.8,421.36,67.7,,355600.0,45.69095,59.4
1979-01-01,1375.2,433.3,68.3,,357500.0,45.58799,58.5
1979-02-01,1369.3,421.93,69.1,,358500.0,45.80713,58.2
1979-03-01,1384.0,425.65,69.8,,358000.0,46.3697,57.7
1979-04-01,1408.4,429.24,70.6,,415500.0,47.38997,56.2
1979-05-01,1402.7,414.0,71.5,,348000.0,48.52036,54.4
1979-06-01,1422.5,417.5,72.3,,360000.0,49.40527,52.7
1979-07-01,1439.3,416.99,73.1,,379250.0,50.13061,51.3
1979-08-01,1444.3,431.94,73.8,,393750.0,51.27147,49.5
1979-09-01,1454.5,432.08,74.6,,385800.0,52.07621,49.6
1979-10-01,1463.6,412.45,75.2,,402250.0,53.1807,49.0
1979-11-01,1466.4,405.52,75.9,,413250.0,53.91502,48.0
1979-12-01,1479.0,417.16,76.7,,428200.0,53.59643,44.8
1980-01-01,1486.2,423.08,77.8,,414250.0,53.74977,46.2
1980-02-01,1486.3,433.74,78.9,,418000.0,54.12913,50.2
1980-03-01,1497.2,387.96,80.1,,433800.0,54.13908,43.6
1980-04-01,1507.7,377.42,81.0,,529750.0,53.96004,37.4
1980-05-01,1504.2,390.79,81.8,,615800.0,53.98282,29.4
1980-06-01,1527.4,411.3,82.7,,607000.0,53.78412,30.3
1980-07-01,1549.1,429.96,82.7,,559250.0,54.05161,35.0
1980-08-01,1560.7,440.05,83.3,,528200.0,54.41411,45.5
1980-09-01,1573.1,446.98,84.0,,482750.0,54.39128,50.1
1980-10-01,1588.5,455.71,84.8,,438000.0,54.3573,55.5
1980-11-01,1599.0,471.07,85.5,,412600.0,54.44586,58.2
1980-12-01,1604.8,459.14,86.3,,410000.0,54.97005,53.0
1981-01-01,1610.6,453.74,87.0,,413000.0,55.49118,49.2
1981-02-01,1610.5,433.56,87.9,,428750.0,55.81135,48.8
1981-03-01,1633.2,446.72,88.5,,407500.0,56.28222,49.6
1981-04-01,1664.5,447.71,89.1,,410250.0,57.12532,51.6
1981-05-01,1655.4,435.3,89.8,,416400.0,57.76716,53.5
1981-06-01,1667.1,433.42,90.6,,433000.0,58.74201,50.7
1981-07-01,1685.1,418.32,91.6,,430750.0,59.0447,46.7
1981-08-01,1694.6,416.75,92.3,,450200.0,59.29919,48.3
1981-09-01,1706.4,376.74,93.2,,473250.0,60.19475,42.5
1981-10-01,1726.4,380.7,93.4,,492800.0,60.62736,40.0
1981-11-01,1741.0,389.3,93.7,,511750.0,60.75736,36.1
1981-12-01,1760.3,390.9,94.0,,551000.0,60.928,37.8
1982-01-01,1772.8,369.2,94.3,,535200.0,61.1961,38.2
1982-02-01,1765.3,359.24,94.6,,533750.0,61.46881,38.3
1982-03-01,1781.7,348.0,94.5,,556500.0,61.62525,36.8
1982-04-01,1807.9,363.74,94.9,,587000.0,62.25483,37.8
1982-05-01,1804.9,360.63,95.8,,583800.0,62.84921,35.5
1982-06-01,1822.7,335.67,97.0,,599500.0,63.48542,38.3
1982-07-01,1835.0,333.03,97.5,,576000.0,64.34066,38.4
1982-08-01,1845.9,333.26,97.7,,629500.0,64.80438,38.3
1982-09-01,1859.0,371.09,97.9,,660750.0,65.14116,38.8
1982-10-01,1875.6,401.08,98.2,,652400.0,65.44613,39.4
1982-11-01,1890.1,418.26,98.0,,594250.0,65.64031,39.2
1982-12-01,1913.8,423.92,97.6,,523750.0,66.3483,42.8
1983-01-01,1963.9,437.93,97.8,,501000.0,66.72623,46.0
1983-02-01,1985.8,445.06,97.9,,488750.0,66.7562,54.4
1983-03-01,2009.6,460.52,97.9,,480250.0,67.54154,53.9
1983-04-01,2033.7,474.71,98.6,,496000.0,68.40334,54.2
1983-05-01,2031.7,490.99,99.2,,468000.0,68.88553,56.1
1983-06-01,2051.8,496.37,99.5,,444250.0,70.2808,57.5
1983-07-01,2069.7,496.17,99.9,,408000.0,71.54034,63.6
1983-08-01,2072.5,481.05,100.2,,435750.0,72.56593,63.1
1983-09-01,2081.1,492.81,100.7,,408750.0,73.56389,62.5
1983-10-01,2102.1,492.82,101.0,,402200.0,75.12216,64.4
1983-11-01,2117.6,484.51,101.2,,392500.0,76.78694,66.0
1983-12-01,2134.0,481.69,101.3,,368800.0,79.02725,69.9
1984-01-01,2145.0,484.68,101.9,,351000.0,79.11394,60.5
1984-02-01,2147.7,455.94,102.4,,339250.0,80.70449,61.3
1984-03-01,2169.0,455.34,102.6,,345800.0,83.05709,58.9
1984-04-01,2196.0,453.7,103.1,,369250.0,84.32707,61.0
1984-05-01,2191.4,449.52,103.4,,360250.0,87.09005,58.6
1984-06-01,2214.3,438.2,103.7,,361400.0,89.41895,58.1
1984-07-01,2228.0,430.81,104.1,,360500.0,90.38567,56.1
1984-08-01,2228.9,466.94,104.5,,389500.0,92.43169,53.0
1984-09-01,2242.8,469.52,105.0,,395400.0,94.47191,50.0
1984-10-01,2259.7,464.52,105.3,,419250.0,96.23311,50.8
1984-11-01,2286.3,468.75,105.3,,407000.0,98.1359,50.3
1984-12-01,2318.5,463.67,105.3,,385600.0,100.38563,50.6
1985-01-01,2339.6,482.77,105.5,,370750.0,102.84183,50.3
1985-02-01,2343.4,506.53,106.0,,391750.0,105.34046,49.9
1985-03-01,2360.4,500.45,106.4,,380800.0,107.95035,47.8
1985-04-01,2379.7,501.44,106.9,,398250.0,110.06839,48.2
1985-05-01,2376.4,511.46,107.3,,392750.0,111.15629,47.1
1985-06-01,2413.4,521.07,107.6,,392400.0,112.39548,47.8
1985-07-01,2434.8,530.01,107.8,,378250.0,114.13431,47.9
1985-08-01,2442.5,517.49,108.0,,404400.0,115.9937,47.7
1985-09-01,2452.7,504.55,108.3,,408500.0,118.33614,49.9
1985-10-01,2466.3,508.42,108.7,,405750.0,120.23606,50.9
1985-11-01,2482.0,537.79,109.0,,393400.0,122.54642,52.0
1985-12-01,2504.1,562.93,109.3,,385250.0,124.4658,50.7
1986-01-01,2510.8,563.83,109.6,,366750.0,127.08832,51.2
1986-02-01,2502.1,595.79,109.3,,369500.0,128.79756,51.0
1986-03-01,2527.6,633.72,108.8,,381200.0,130.17799,51.0
1986-04-01,2564.8,650.46,108.6,,385750.0,132.04035,49.7
1986-05-01,2571.1,650.03,108.9,,386000.0,133.59911,53.4
1986-06-01,2605.3,664.9,109.5,,370500.0,134.40945,50.5
1986-07-01,2632.4,651.08,109.5,,362000.0,135.66107,48.0
1986-08-01,2645.9,662.88,109.7,,407400.0,136.85857,52.6
1986-09-01,2661.7,641.83,110.2,,395500.0,137.24737,52.4
1986-10-01,2684.4,638.82,110.3,,383250.0,138.90654,51.2
1986-11-01,2705.2,658.95,110.4,,363200.0,139.96312,51.2
1986-12-01,2740.7,667.75,110.5,,358250.0,141.06815,50.5
1987-01-01,2753.5,705.99,111.2,,345600.0,141.10787,54.9
1987-02-01,2735.2,747.07,111.6,,348750.0,142.42395,52.6
1987-03-01,2748.0,774.45,112.1,,333250.0,143.10173,55.0
1987-04-01,2778.9,761.9,112.7,,336250.0,145.49185,55.5
1987-05-01,2759.7,758.68,113.1,,331000.0,147.3065,57.2
1987-06-01,2773.4,788.18,113.5,,322250.0,149.83379,57.4
1987-07-01,2785.2,808.79,113.8,25001.4,319250.0,152.39741,57.5
1987-08-01,2787.5,854.62,114.4,26182.3,325600.0,153.8712,59.3
1987-09-01,2793.3,822.55,115.0,27443.4,309750.0,156.46089,60.0
1987-10-01,2811.2,721.3,115.3,28477.1,300000.0,158.07433,60.7
1987-11-01,2821.6,630.14,115.4,29571.7,306750.0,158.01895,58.8
1987-12-01,2838.3,619.85,115.4,30618.7,318750.0,160.85391,61.0
1988-01-01,2857.2,642.61,115.7,31821.8,335600.0,164.6819,57.5
1988-02-01,2858.8,660.4,116.0,32464.8,318750.0,165.95733,56.2
1988-03-01,2886.7,676.93,116.5,33016.4,305500.0,167.5259,54.6
1988-04-01,2925.3,665.6,117.1,33817.8,312200.0,169.09073,55.8
1988-05-01,2910.7,646.92,117.5,34624.1,313750.0,170.74958,55.5
1988-06-01,2935.3,680.9,118.0,35406.4,308250.0,172.96318,59.3
1988-07-01,2954.1,674.02,118.5,36126.4,321600.0,174.01927,58.2
1988-08-01,2950.8,657.72,119.0,37097.9,314750.0,175.86892,56.0
1988-09-01,2951.1,663.98,119.8,38233.5,304500.0,177.48012,54.5
1988-10-01,2963.1,684.98,120.2,39326.6,291400.0,179.83214,55.4
1988-11-01,2983.8,668.62,120.3,40383.8,290500.0,183.01111,55.6
1988-12-01,3001.7,681.06,120.5,41214.3,293200.0,184.59312,56.0
1989-01-01,3000.1,699.5,121.1,42160.6,289750.0,185.72307,54.7
1989-02-01,2983.8,717.61,121.6,43158.9,303750.0,187.6148,54.1
1989-03-01,3000.2,710.35,122.3,44096.9,322000.0,190.92409,51.5
1989-04-01,3024.4,728.88,123.1,44860.0,311800.0,193.14159,52.2
1989-05-01,2997.3,752.57,123.8,45786.9,324500.0,195.15598,49.3
1989-06-01,3024.0,774.19,124.1,46677.0,333000.0,197.68395,47.3
1989-07-01,3057.0,791.89,124.4,47542.3,341600.0,199.52882,45.9
1989-08-01,3072.6,825.63,124.6,48398.0,334500.0,201.86261,45.1
1989-09-01,3087.8,824.65,125.0,49100.1,336000.0,203.17698,46.0
1989-10-01,3110.8,820.95,125.6,49627.7,363250.0,204.92586,46.8
1989-11-01,3137.4,802.02,125.9,50524.5,336750.0,207.6253,46.8
1989-12-01,3167.0,820.52,126.1,51475.8,355200.0,211.22983,47.4
1990-01-01,3171.7,792.04,127.4,52469.5,361000.0,213.64744,47.2
1990-02-01,3171.8,766.25,128.0,53126.8,358250.0,216.50457,49.1
1990-03-01,3193.8,780.56,128.7,53963.7,345200.0,217.58937,49.9
1990-04-01,3221.0,778.7,128.9,54841.7,361750.0,219.76962,50.0
1990-05-01,3187.8,804.62,129.2,55838.3,355250.0,223.27619,49.5
1990-06-01,3212.0,823.45,129.9,56843.3,362400.0,225.66482,49.2
1990-07-01,3225.6,819.48,130.4,57989.9,367000.0,229.58626,46.6
1990-08-01,3239.7,745.97,131.6,59125.7,384250.0,232.41491,46.1
1990-09-01,3250.0,705.47,132.7,59935.1,394000.0,234.72503,44.5
1990-10-01,3254.6,682.81,133.5,61629.1,425250.0,236.17064,43.2
1990-11-01,3266.2,699.41,133.8,62620.7,446750.0,239.29412,41.3
1990-12-01,3286.0,729.26,133.8,63443.7,455000.0,238.64262,40.8
1991-01-01,3289.9,717.74,134.6,64118.4,439750.0,238.71484,39.2
1991-02-01,3297.0,797.64,134.8,65233.7,484000.0,242.28812,39.4
1991-03-01,3327.9,818.49,135.0,66199.5,498600.0,246.84076,40.7
1991-04-01,3350.0,833.52,135.2,66782.5,467250.0,248.74389,42.8
1991-05-01,3330.7,827.36,135.6,67296.7,447000.0,250.93103,44.5
1991-06-01,3350.1,825.58,136.0,68076.8,428600.0,252.24644,50.3
1991-07-01,3354.5,828.6,136.2,68484.0,418250.0,253.72026,50.6
1991-08-01,3351.4,846.1,136.6,68984.9,431600.0,255.89274,52.9
1991-09-01,3347.6,837.64,137.2,69675.8,424500.0,258.81222,54.9
1991-10-01,3353.9,835.73,137.4,70478.0,422750.0,261.34824,53.1
1991-11-01,3371.2,831.23,137.8,71180.2,445400.0,262.77728,49.5
1991-12-01,3386.4,836.21,137.9,71949.8,456750.0,263.76855,46.8
1992-01-01,3382.9,894.25,138.1,72272.3,439000.0,265.38649,47.3
1992-02-01,3389.7,883.49,138.6,72338.8,442200.0,266.48213,52.7
1992-03-01,3404.5,867.97,139.3,72449.0,429500.0,266.7557,54.6
1992-04-01,3418.5,866.83,139.5,72899.4,418250.0,267.82923,52.6
1992-05-01,3387.6,881.31,139.7,73282.1,417400.0,268.7518,55.7
1992-06-01,3388.3,864.32,140.2,73537.9,418750.0,270.70763,53.6
1992-07-01,3392.6,876.8,140.5,73982.5,442750.0,270.81759,53.9
1992-08-01,3395.9,880.38,140.9,74168.5,407200.0,272.0805,53.4
1992-09-01,3400.5,879.04,141.3,74150.8,417000.0,273.17696,49.7
1992-10-01,3418.0,863.42,141.8,74708.5,377800.0,275.20764,50.3
1992-11-01,3432.7,883.82,142.0,74831.9,362250.0,275.45975,53.6
1992-12-01,3440.7,911.22,141.9,75062.6,339000.0,278.44967,54.2
1993-01-01,3422.8,905.89,142.6,75204.0,345600.0,280.99481,55.8
1993-02-01,3399.9,916.14,143.1,75377.2,338250.0,283.53125,55.2
1993-03-01,3409.7,930.44,143.6,76033.6,351000.0,284.89041,53.5
1993-04-01,3429.6,913.26,144.0,76293.2,354750.0,286.97613,50.2
1993-05-01,3424.3,916.46,144.2,76377.0,343600.0,288.47063,51.2
1993-06-01,3438.8,920.97,144.4,76363.9,342750.0,289.96125,49.6
1993-07-01,3441.8,919.39,144.4,75464.8,350800.0,294.23201,50.2
1993-08-01,3440.1,930.87,144.8,74792.5,341000.0,296.26417,50.7
1993-09-01,3442.7,939.39,145.1,76024.3,339000.0,299.44798,50.8
1993-10-01,3451.9,945.02,145.7,74788.5,349800.0,301.65409,53.4
1993-11-01,3473.9,942.31,145.8,74351.5,341000.0,306.56401,53.8
1993-12-01,3494.3,948.54,145.8,74022.5,323000.0,309.90802,55.6
1994-01-01,3478.9,960.24,146.2,73817.1,359200.0,312.52167,56.0
1994-02-01,3458.5,954.12,146.7,73865.9,348500.0,315.41372,56.5
1994-03-01,3476.0,935.21,147.2,73929.6,335750.0,319.77737,56.9
1994-04-01,3501.7,900.55,147.4,73901.8,344000.0,325.01574,57.4
1994-05-01,3473.0,907.33,147.5,74090.2,359000.0,329.09763,58.2
1994-06-01,3475.8,912.14,148.0,74442.8,340000.0,334.8528,58.8
1994-07-01,3489.6,902.82,148.4,74628.9,342200.0,339.94548,58.5
1994-08-01,3479.6,924.77,149.0,74844.1,336250.0,347.6707,58.0
1994-09-01,3474.7,927.69,149.4,75043.8,330250.0,350.08391,59.0
1994-10-01,3476.0,920.82,149.5,75326.0,333400.0,352.77903,59.4
1994-11-01,3489.5,914.04,149.7,75731.1,328000.0,362.59272,59.2
1994-12-01,3505.3,902.5,149.7,76077.5,323200.0,365.56956,56.1
1995-01-01,3492.2,918.76,150.3,76392.2,333500.0,372.00317,57.4
1995-02-01,3471.7,947.9,150.9,76569.0,337750.0,378.10338,55.1
1995-03-01,3488.4,966.78,151.4,76535.7,340250.0,385.55992,52.1
1995-04-01,3519.0,992.44,151.9,76925.6,350200.0,389.74358,51.5
1995-05-01,3503.4,1021.49,152.2,77532.3,370250.0,398.16397,46.7
1995-06-01,3542.3,1049.73,152.5,77999.2,366250.0,406.08743,45.9
1995-07-01,3566.4,1084.8,152.5,78576.6,371400.0,409.14129,50.7
1995-08-01,3581.7,1085.34,152.9,78864.3,356250.0,417.56574,47.1
1995-09-01,3591.1,1121.3,153.2,79275.2,362000.0,429.03215,48.1
1995-10-01,3598.7,1125.67,153.7,79236.6,371500.0,433.45042,46.7
1995-11-01,3619.5,1150.77,153.6,79531.6,377000.0,436.74016,45.9
1995-12-01,3650.1,1188.33,153.5,79850.8,365000.0,443.92009,46.2
1996-01-01,3648.0,1181.12,154.4,80265.6,374000.0,449.99468,45.5
1996-02-01,3644.3,1244.6,154.9,80607.7,377250.0,455.59738,45.9
1996-03-01,3690.8,1233.5,155.7,80928.4,386400.0,461.59195,46.9
1996-04-01,3717.1,1228.95,156.3,80998.7,359250.0,465.78159,49.3
1996-05-01,3686.1,1253.25,156.6,80847.6,344500.0,470.65979,49.1
1996-06-01,3717.2,1266.22,156.7,80882.4,342200.0,474.26236,53.6
1996-07-01,3730.2,1217.61,157.0,80937.7,337000.0,479.26701,49.7
1996-08-01,3737.6,1250.41,157.3,81637.7,331800.0,483.29311,51.6
1996-09-01,3739.3,1269.39,157.8,82321.5,342750.0,486.28481,51.1
1996-10-01,3749.4,1315.22,158.3,83420.9,339000.0,490.44162,50.5
1996-11-01,3786.0,1376.75,158.6,84425.9,336400.0,497.51148,53.0
1996-12-01,3826.5,1390.94,158.6,85839.2,353500.0,507.51657,55.2
1997-01-01,3824.9,1429.42,159.1,86381.6,339000.0,510.47026,53.8
1997-02-01,3820.5,1484.77,159.6,87303.5,320750.0,511.71355,53.1
1997-03-01,3858.5,1469.5,160.0,88746.4,319400.0,511.95609,53.8
1997-04-01,3891.0,1415.36,160.2,90156.5,327000.0,511.86457,53.7
1997-05-01,3854.6,1544.46,160.1,91512.8,323800.0,514.48111,56.1
1997-06-01,3884.6,1622.52,160.3,93270.4,325500.0,515.56618,54.9
1997-07-01,3903.7,1711.11,160.5,94478.6,320250.0,520.89635,57.7
1997-08-01,3938.5,1711.52,160.8,95378.1,330200.0,524.44478,56.3
1997-09-01,3946.9,1725.28,161.2,96771.1,315250.0,528.7224,53.9
1997-10-01,3962.5,1746.98,161.6,97270.9,310000.0,532.04428,56.4
1997-11-01,4001.1,1725.57,161.5,98101.5,314600.0,534.8078,55.7
1997-12-01,4040.3,1770.86,161.3,98795.3,313250.0,540.00556,54.5
1998-01-01,4047.4,1769.39,161.6,99196.0,321200.0,537.94246,53.8
1998-02-01,4064.7,1876.8,161.9,99575.9,319000.0,538.89429,52.9
1998-03-01,4116.4,1970.48,162.2,99292.9,315000.0,541.44751,52.9
1998-04-01,4159.3,2031.45,162.5,99077.8,311000.0,560.90683,52.2
1998-05-01,4128.5,2020.81,162.8,98682.3,311200.0,559.83413,50.9
1998-06-01,4159.2,2018.28,163.0,98801.0,338000.0,561.55045,48.9
1998-07-01,4177.9,2103.44,163.2,98770.9,333000.0,560.55394,49.2
1998-08-01,4204.3,1951.99,163.4,98519.9,312600.0,564.42041,49.3
1998-09-01,4237.8,1851.68,163.6,98350.6,304000.0,568.61569,48.7
1998-10-01,4274.4,1868.57,164.0,97950.5,310600.0,572.28934,48.7
1998-11-01,4329.4,2071.2,164.0,97607.5,316000.0,571.20779,48.2
1998-12-01,4382.9,2155.07,163.9,97172.7,316000.0,581.41478,46.8
1999-01-01,4392.4,2255.9,164.3,97141.0,326200.0,585.17701,50.6
1999-02-01,4401.4,2249.21,164.5,96932.5,301500.0,585.45404,51.7
1999-03-01,4438.5,2305.5,165.0,96995.6,302750.0,585.15722,52.4
1999-04-01,4483.6,2383.68,166.2,97504.3,308500.0,585.73442,52.3
1999-05-01,4446.3,2378.88,166.2,98475.6,301600.0,588.37769,54.3
1999-06-01,4476.6,2361.87,166.2,97747.3,294000.0,594.61074,55.8
1999-07-01,4501.1,2458.84,166.7,95417.8,298000.0,600.99538,53.6
1999-08-01,4520.8,2357.93,167.1,98231.4,290750.0,603.52893,54.8
1999-09-01,4534.3,2330.22,167.9,98571.2,289500.0,606.88656,57.0
1999-10-01,4555.6,2294.02,168.2,99102.7,290400.0,608.14154,57.2
1999-11-01,4591.4,2453.12,168.3,99818.7,281750.0,610.10183,58.1
1999-12-01,4645.5,2519.57,168.3,101221.0,278500.0,610.69647,57.8
2000-01-01,4653.5,2506.67,168.8,105040.0,288400.0,614.84655,56.7
2000-02-01,4655.6,2427.73,169.8,106701.5,293750.0,617.33256,55.8
2000-03-01,4717.5,2500.35,171.2,108620.2,274750.0,622.51097,54.9
2000-04-01,4787.4,2532.07,171.3,111415.0,271600.0,625.73594,54.7
2000-05-01,4712.9,2454.91,171.5,113440.8,282250.0,631.85715,53.2
2000-06-01,4738.0,2516.95,172.4,114664.5,291000.0,639.15855,51.4
2000-07-01,4754.7,2530.08,172.8,118452.6,295000.0,646.92701,52.5
2000-08-01,4785.4,2551.48,172.8,120110.4,312750.0,656.02189,49.9
2000-09-01,4820.9,2508.51,173.7,121940.9,300200.0,661.99681,49.7
2000-10-01,4834.5,2371.29,174.0,123704.0,301000.0,667.94815,48.7
2000-11-01,4862.2,2349.3,174.1,125922.4,334250.0,673.99474,48.5
2000-12-01,4933.0,2270.29,174.0,127965.9,346000.0,682.64637,43.9
2001-01-01,4958.4,2264.0,175.1,128666.9,340000.0,686.7615,42.3
2001-02-01,4986.9,2204.53,175.8,130605.7,371250.0,697.98251,42.1
2001-03-01,5076.7,1997.56,176.2,132022.1,387200.0,702.56077,43.1
2001-04-01,5152.2,1996.35,176.9,133029.1,396750.0,707.44702,42.7
2001-05-01,5089.0,2121.87,177.7,135113.0,394500.0,709.59051,41.3
2001-06-01,5138.1,2065.5,178.0,136181.4,397200.0,712.00255,43.2
2001-07-01,5166.9,2014.03,177.5,137900.5,398000.0,707.89002,43.5
2001-08-01,5202.7,1970.64,177.5,140436.0,398000.0,706.69134,46.3
2001-09-01,5313.9,1738.97,178.3,143965.9,435000.0,707.26263,46.2
2001-10-01,5296.5,1798.2,177.7,147810.8,480750.0,705.40852,40.8
2001-11-01,5359.5,1890.07,177.4,150521.9,447500.0,712.65874,44.1
2001-12-01,5439.6,1923.17,176.7,153809.9,416800.0,714.84073,45.3
2002-01-01,5425.6,1910.92,177.1,157434.3,408500.0,714.7815,47.5
2002-02-01,5444.9,1837.39,177.8,161418.3,399000.0,714.8221,50.7
2002-03-01,5493.9,1915.29,178.8,165682.8,415400.0,719.95604,52.4
2002-04-01,5508.5,1835.54,179.8,171561.6,429250.0,725.2277,52.4
2002-05-01,5474.0,1781.59,179.8,177711.2,409000.0,728.3641,53.1
2002-06-01,5511.2,1672.98,179.9,183731.6,387200.0,732.81338,53.6
2002-07-01,5551.9,1489.13,180.1,189969.5,386000.0,736.26446,50.2
2002-08-01,5594.8,1498.91,180.7,194751.2,393600.0,740.48945,50.3
2002-09-01,5619.7,1423.05,181.0,198962.3,409500.0,743.32636,50.5
2002-10-01,5658.4,1399.12,181.3,204832.4,407500.0,747.93958,49.0
2002-11-01,5730.1,1489.66,181.3,207598.5,392200.0,749.90622,48.5
2002-12-01,5776.3,1475.31,180.9,212428.8,414250.0,750.94745,51.6
2003-01-01,5765.8,1463.36,181.7,217684.4,395000.0,754.7894,51.3
2003-02-01,5793.1,1356.84,183.1,223309.2,411000.0,758.60134,48.8
2003-03-01,5853.9,1364.2,184.2,228365.1,427400.0,759.65521,46.3
2003-04-01,5910.7,1437.26,183.8,233024.2,436250.0,760.75243,46.1
2003-05-01,5910.5,1513.9,183.5,237579.7,424000.0,763.70474,49.0
2003-06-01,5964.6,1596.33,183.7,243284.1,421750.0,763.81488,49.0
2003-07-01,6007.6,1601.92,183.9,247846.4,411500.0,764.38866,51.0
2003-08-01,6063.9,1591.01,184.6,252782.8,400200.0,766.3244,53.2
2003-09-01,6035.7,1633.79,185.2,258452.6,395500.0,766.04192,52.4
2003-10-01,6019.8,1666.5,185.0,264931.6,382000.0,765.53519,55.2
2003-11-01,6047.6,1688.99,184.5,271226.3,363000.0,765.00792,58.4
2003-12-01,6068.6,1740.33,184.3,278699.8,358250.0,768.25831,60.1
2004-01-01,6029.0,1815.02,185.2,289190.8,360200.0,770.6725,60.8
2004-02-01,6059.2,1822.55,186.2,297586.4,360750.0,772.36227,59.9
2004-03-01,6138.5,1780.18,187.4,306453.9,342000.0,778.09248,60.6
2004-04-01,6205.6,1789.31,188.0,316621.4,348250.0,775.55479,60.6
2004-05-01,6218.9,1730.9,189.1,327469.5,336200.0,778.08865,61.4
2004-06-01,6241.7,1772.34,189.7,336427.6,349000.0,779.73122,60.5
2004-07-01,6247.7,1732.97,189.4,345464.0,343000.0,786.08714,59.9
2004-08-01,6269.2,1705.57,189.5,357138.9,340750.0,787.01166,58.5
2004-09-01,6302.2,1746.87,189.9,368795.7,337250.0,793.63581,57.4
2004-10-01,6323.9,1737.02,190.9,381559.5,334000.0,796.69649,56.3
2004-11-01,6373.5,1816.5,191.0,389425.4,328750.0,797.18497,56.2
2004-12-01,6416.0,1870.39,190.3,395348.7,325250.0,799.55218,57.2
2005-01-01,6372.7,1838.76,190.7,402554.9,343400.0,804.63576,56.8
2005-02-01,6374.1,1856.41,191.8,408303.3,311750.0,804.10729,55.5
2005-03-01,6433.0,1834.74,193.3,415428.5,332000.0,804.63997,55.2
2005-04-01,6476.5,1776.01,194.6,421121.8,323200.0,810.55839,52.2
2005-05-01,6427.7,1798.99,194.4,427106.4,327000.0,809.21155,50.8
2005-06-01,6479.5,1834.64,194.5,431764.8,325750.0,814.18165,52.4
2005-07-01,6498.4,1856.55,195.4,437124.0,324400.0,814.90846,52.8
2005-08-01,6522.5,1850.17,196.4,440999.0,315750.0,817.84241,52.4
2005-09-01,6555.0,1830.3,198.8,442529.6,382750.0,819.65175,56.8
2005-10-01,6582.3,1776.02,199.2,442386.0,352200.0,821.08267,57.2
2005-11-01,6623.0,1858.61,197.6,442257.7,317250.0,825.87808,56.7
2005-12-01,6676.3,1903.42,196.8,443462.4,316400.0,829.51836,55.1
2006-01-01,6674.4,1913.96,198.3,443626.2,295750.0,879.57712,55.0
2006-02-01,6691.8,1907.0,198.7,446223.1,290750.0,885.28973,55.8
2006-03-01,6764.3,1921.88,199.8,448067.8,301750.0,888.24358,54.3
2006-04-01,6827.6,1918.09,201.5,448031.0,303600.0,893.52692,55.2
2006-05-01,6766.0,1890.79,202.5,448706.1,332750.0,899.47133,53.7
2006-06-01,6819.1,1833.17,202.9,450372.3,305500.0,897.48331,52.0
2006-07-01,6840.5,1838.08,203.5,451481.5,318800.0,898.67663,53.0
2006-08-01,6858.9,1873.65,203.9,448496.0,314250.0,903.92428,53.7
2006-09-01,6886.1,1927.63,202.9,450570.1,316200.0,907.81435,52.2
2006-10-01,6928.9,2005.26,201.8,465994.5,315500.0,911.61451,51.4
2006-11-01,6991.2,2045.46,201.5,465862.4,326250.0,917.34618,50.3
2006-12-01,7066.2,2083.27,201.8,468341.1,324000.0,923.87678,51.4
2007-01-01,7064.1,2088.28,202.416,470321.3,317250.0,927.62946,49.5
2007-02-01,7075.7,2107.27,203.499,470765.7,322750.0,933.3558,51.9
2007-03-01,7172.9,2033.55,205.352,461099.9,309400.0,938.46358,50.7
2007-04-01,7262.5,2101.84,206.686,459068.9,320250.0,941.38651,52.6
2007-05-01,7207.7,2156.87,207.949,460879.0,304250.0,950.62604,52.5
2007-06-01,7251.7,2157.04,208.352,462091.1,315200.0,953.92509,52.6
2007-07-01,7254.4,2166.88,208.299,463875.0,313250.0,958.32231,52.4
2007-08-01,7314.0,2076.52,207.917,468050.1,320000.0,968.22562,50.9
2007-09-01,7334.4,2131.31,208.49,471945.7,313400.0,975.49977,51.0
2007-10-01,7345.0,2187.19,208.936,476958.5,328250.0,982.85285,51.1
2007-11-01,7403.5,2066.57,210.177,481368.7,336000.0,994.56528,50.5
2007-12-01,7471.3,2090.33,210.036,484807.2,348200.0,1001.6253,49.0
2008-01-01,7469.3,1938.73,211.08,488156.0,338750.0,1008.03446,50.3
2008-02-01,7551.3,1899.62,211.693,492580.6,346750.0,1014.94446,47.6
2008-03-01,7685.5,1830.57,213.528,496976.0,363400.0,1016.772,48.3
2008-04-01,7734.4,1893.5,214.823,502667.6,359500.0,1018.53196,48.8
2008-05-01,7676.3,1922.55,216.632,508095.1,366800.0,1019.63696,48.8
2008-06-01,7698.8,1819.32,218.815,514008.8,383250.0,1019.32207,49.8
2008-07-01,7711.6,1696.58,219.964,520728.6,398000.0,1018.3639,50.0
2008-08-01,7709.5,1736.08,219.086,525784.3,433000.0,1017.43052,49.2
2008-09-01,7782.9,1650.95,218.783,539300.0,464000.0,1012.56094,44.8
2008-10-01,7890.8,1327.72,216.573,578084.5,475250.0,1016.46134,38.9
2008-11-01,7980.6,1233.82,212.425,582986.5,519800.0,1010.48206,36.5
2008-12-01,8199.3,1238.97,210.228,588213.9,564000.0,1003.99704,33.1
2009-01-01,8243.8,1216.76,211.143,592623.4,572000.0,1007.21524,34.9
2009-02-01,8272.3,1126.33,212.193,595876.2,644000.0,998.87618,35.5
2009-03-01,8407.4,1056.48,212.709,599026.5,659250.0,984.51263,36.0
2009-04-01,8407.5,1180.54,213.24,603345.4,627750.0,980.66614,39.5
2009-05-01,8394.8,1252.44,213.856,611299.8,612000.0,966.76034,41.7
2009-06-01,8407.5,1274.4,215.693,609688.3,598250.0,963.14709,45.8
2009-07-01,8374.0,1289.8,215.351,607483.7,566500.0,960.21734,49.9
2009-08-01,8353.2,1388.55,215.834,605693.7,559200.0,952.04504,53.5
2009-09-01,8361.5,1435.53,215.969,603658.3,547500.0,947.92326,54.4
2009-10-01,8393.4,1465.88,216.177,602391.6,525400.0,940.39211,56.0
2009-11-01,8468.8,1492.85,216.33,605693.2,494000.0,924.82091,54.4
2009-12-01,8511.2,1526.15,215.949,603108.3,485500.0,916.07663,55.3
2010-01-01,8431.8,1539.03,216.687,599897.3,479800.0,909.53116,57.2
2010-02-01,8475.9,1491.51,216.741,599122.3,485750.0,902.33023,55.8
2010-03-01,8543.6,1571.18,217.631,599082.3,470250.0,897.87961,58.8
2010-04-01,8568.5,1630.09,218.009,601953.8,469000.0,896.60291,58.1
2010-05-01,8550.9,1530.52,218.178,599504.3,459400.0,882.59544,58.3
2010-06-01,8572.9,1475.24,217.965,597422.7,460500.0,877.04312,56.4
2010-07-01,8543.3,1470.08,218.011,596367.2,459200.0,873.22328,56.4
2010-08-01,8574.2,1478.22,218.312,594579.5,475000.0,866.78493,58.0
2010-09-01,8616.1,1524.65,218.439,591725.1,453500.0,862.09068,56.3
2010-10-01,8676.9,1589.93,218.711,589167.3,446800.0,855.38039,57.7
2010-11-01,8742.5,1626.3,218.803,585825.4,426250.0,851.02371,57.6
2010-12-01,8824.7,1681.26,219.179,581983.0,420250.0,839.10267,57.5
2011-01-01,8817.3,1728.67,220.223,577631.2,426800.0,835.41827,59.3
2011-02-01,8854.9,1771.82,221.309,574472.2,401500.0,833.74499,59.9
2011-03-01,8968.4,1732.62,223.467,571577.2,406000.0,835.66793,59.2
2011-04-01,9023.7,1757.19,224.906,568956.3,420600.0,834.22614,59.4
2011-05-01,8994.2,1757.9,225.964,566365.7,422500.0,832.51072,53.9
2011-06-01,9082.9,1692.69,225.722,563699.7,418250.0,836.24843,56.2
2011-07-01,9235.4,1740.99,225.922,560612.8,412600.0,836.45922,52.9
2011-08-01,9430.3,1552.93,226.545,557905.4,409500.0,836.2136,52.8
2011-09-01,9469.1,1535.63,226.889,556043.9,417750.0,838.29307,52.7
2011-10-01,9519.1,1582.51,226.421,553598.5,402400.0,838.23509,51.4
2011-11-01,9602.3,1609.03,226.23,551461.1,389250.0,842.06965,51.5
2011-12-01,9698.6,1635.24,225.672,549550.5,377000.0,840.16423,52.6
2012-01-01,9731.4,1703.05,226.665,549994.1,377750.0,840.20325,53.1
2012-02-01,9756.8,1763.26,227.663,550730.5,363250.0,841.40041,53.5
2012-03-01,9873.3,1797.52,229.392,546905.0,366600.0,840.9817,53.6
2012-04-01,9919.0,1788.48,230.085,545089.7,381750.0,838.95006,54.3
2012-05-01,9852.7,1732.26,229.815,542255.1,373500.0,840.90767,53.4
2012-06-01,9930.3,1711.8,229.478,539122.9,379200.0,838.64593,50.7
2012-07-01,9975.4,1761.62,229.104,535015.0,372500.0,837.31924,50.0
2012-08-01,10038.5,1808.13,230.379,531188.6,373250.0,841.74237,50.7
2012-09-01,10134.6,1851.36,231.407,526932.7,381800.0,841.4003,51.8
2012-10-01,10214.9,1844.9,231.317,522516.5,368500.0,843.95078,50.5
2012-11-01,10312.6,1797.85,230.221,519106.1,401250.0,844.93536,48.8
2012-12-01,10500.9,1838.61,229.601,515274.2,359000.0,839.98084,49.8
2013-01-01,10476.2,1908.09,230.28,511235.8,353000.0,843.48083,52.9
2013-02-01,10449.8,1933.38,232.166,508328.0,353000.0,846.49021,54.6
2013-03-01,10596.4,1977.46,232.773,504747.4,351800.0,845.46574,52.5
2013-04-01,10625.1,2004.88,232.531,499155.3,347250.0,847.14744,50.4
2013-05-01,10548.0,2089.41,232.945,494053.2,347750.0,849.9571,50.2
2013-06-01,10612.5,2057.63,233.504,490790.8,344600.0,849.42815,52.3
2013-07-01,10651.6,2120.23,233.596,487655.9,346000.0,849.92349,53.8
2013-08-01,10706.8,2119.47,233.877,485602.1,333400.0,850.72562,55.6
2013-09-01,10774.2,2138.66,234.149,482694.4,314000.0,851.57568,55.4
2013-10-01,10900.3,2185.94,233.546,479830.5,358500.0,854.89371,55.4
2013-11-01,10944.3,2271.3,233.069,475452.0,328200.0,852.3493,56.0
2013-12-01,11071.4,2302.36,233.049,472495.6,346000.0,854.1388,55.9
2014-01-01,11068.5,2312.33,233.916,469957.9,326750.0,857.83444,52.1
2014-02-01,11120.0,2297.09,234.781,467964.0,335250.0,860.45674,54.8
2014-03-01,11245.1,2340.77,236.293,468049.5,321000.0,862.2017,55.1
2014-04-01,11298.3,2334.01,237.072,467065.0,322750.0,870.54064,55.4
2014-05-01,11241.6,2357.71,237.9,465751.9,313800.0,872.72522,55.8
2014-06-01,11303.5,2424.71,238.343,464844.7,313500.0,873.50963,55.3
2014-07-01,11359.1,2458.06,238.25,463400.3,301750.0,879.0246,55.6
2014-08-01,11389.9,2447.73,237.852,461605.4,302000.0,880.24702,58.1
2014-09-01,11438.8,2485.42,238.031,460160.9,295000.0,881.05822,55.8
2014-10-01,11506.6,2421.72,237.433,459552.0,288750.0,883.35541,57.3
2014-11-01,11582.7,2569.73,236.151,458022.5,291600.0,882.99115,57.5
2014-12-01,11728.0,2596.65,234.812,456420.8,284500.0,887.38164,54.9
2015-01-01,11726.9,2575.79,233.707,454693.2,287600.0,877.87415,53.9
2015-02-01,11815.4,2632.96,234.722,453347.4,301250.0,879.12482,53.3
2015-03-01,11925.4,2614.6,236.119,452306.2,284000.0,885.73525,52.3
2015-04-01,11973.6,2627.95,236.599,450427.9,286000.0,893.20356,51.6
2015-05-01,11876.9,2635.94,237.805,448493.1,274000.0,894.66071,53.1
2015-06-01,11931.4,2611.01,238.638,445812.1,273750.0,900.94749,53.1
2015-07-01,11983.0,2604.43,238.654,443780.0,277750.0,905.47874,51.9
2015-08-01,12040.5,2540.53,238.316,441364.5,275200.0,908.532,51.0
2015-09-01,12110.3,2425.42,237.945,439315.4,269500.0,914.78445,50.0
2015-10-01,12145.5,2526.85,237.838,437291.3,267000.0,916.95191,49.4
2015-11-01,12269.8,2601.98,237.336,436153.4,268500.0,921.12164,48.4
2015-12-01,12399.8,2577.6,236.525,434714.2,271000.0,898.08265,48.0
2016-01-01,12453.9,2403.62,236.916,432475.8,279600.0,901.673,48.2
2016-02-01,12498.3,2383.89,237.111,431020.7,266750.0,904.1768,49.5
2016-03-01,12656.4,2520.16,238.132,429056.3,263250.0,915.85886,51.8
2016-04-01,12750.9,2574.75,239.261,426579.5,266000.0,920.1619,50.8
2016-05-01,12681.0,2552.03,240.236,424535.2,274500.0,922.82909,51.3
2016-06-01,12762.1,2566.26,241.038,422468.3,265250.0,931.25055,
2016-07-01,12820.7,2650.61,240.647,420333.2,259400.0,935.8391,
2016-08-01,12914.4,2675.35,240.849,417988.2,263500.0,940.70606,
2016-09-01,12994.6,2652.63,241.428,415129.1,251500.0,944.53241,
2016-10-01,13061.8,2631.32,241.729,412188.6,255800.0,946.37404,
2016-11-01,13169.9,2662.43,241.353,409172.8,245750.0,957.48852,
2016-12-01,13292.0,2761.93,241.432,405895.4,252200.0,960.09549,
2017-01-01,13274.1,2780.75,242.839,403156.4,246500.0,962.27791,
2017-02-01,13287.3,2838.78,243.603,400509.8,239750.0,967.60004,
2017-03-01,13476.1,2881.41,243.801,398468.0,250250.0,971.54202,
2017-04-01,13542.9,2863.78,244.524,396305.6,242000.0,973.47627,
2017-05-01,13454.3,2905.04,244.733,397745.6,239750.0,977.97569,
2017-06-01,13496.6,2949.23,244.955,395455.3,240250.0,982.70927,
2017-07-01,13569.2,2975.65,244.786,393080.9,243600.0,985.19087,
2017-08-01,13632.6,2969.33,245.519,390474.0,239750.0,989.25535,
2017-09-01,13688.4,2997.72,246.819,388022.3,269400.0,994.96467,
2017-10-01,13728.9,3076.82,246.663,385770.9,236250.0,1004.03807,
2017-11-01,13791.8,3120.8,246.669,383295.9,238500.0,1015.23582,
2017-12-01,13919.8,3207.79,246.524,381275.1,235800.0,1016.8066,
2018-01-01,13837.3,3340.64,247.867,378880.2,234250.0,1021.29539,
2018-02-01,13831.6,3224.67,248.991,376119.3,221500.0,1023.91497,
2018-03-01,14022.9,3214.55,249.554,372905.8,225600.0,1026.30297,
2018-04-01,14064.4,3143.61,250.546,369909.4,222500.0,1018.55914,
2018-05-01,13984.6,3187.05,251.588,365823.1,221250.0,1024.12974,
2018-06-01,14079.4,3244.24,251.989,362507.8,221600.0,1024.39845,
2018-07-01,14114.0,3290.3,252.006,359810.3,219750.0,1034.81477,
2018-08-01,14170.5,3364.02,252.146,357184.1,214500.0,1040.30847,
2018-09-01,14205.0,3411.47,252.439,354713.1,211800.0,1042.58624,
2018-10-01,14207.4,3269.26,252.885,352659.8,214750.0,1049.36507,
2018-11-01,14261.0,3206.96,252.038,350579.2,220750.0,1055.93241,
2018-12-01,14453.5,3033.03,251.233,348725.4,217600.0,1053.84741,
2019-01-01,14430.5,3074.52,251.712,349181.9,220000.0,1057.81263,
2019-02-01,14408.5,3234.74,252.776,347042.0,226500.0,1061.62403,
2019-03-01,14582.9,3273.95,254.202,344576.4,217800.0,1060.50955,
2019-04-01,14633.9,3372.64,255.548,342389.2,215000.0,1066.83903,
2019-05-01,14584.1,2752.08,256.092,339741.2,218000.0,1070.98848,
2019-05-01,14584.1,3308.58,256.092,339741.2,218000.0,1070.98848,
2019-06-01,14743.5,3349.01,256.143,337052.2,221200.0,1071.72034,
2019-07-01,14822.7,3465.98,256.571,334195.4,212000.0,1083.2578,
2019-08-01,14903.9,3352.07,256.558,331898.0,215800.0,1083.41679,
2019-09-01,14997.0,3447.31,256.759,329290.3,212750.0,1083.89282,
2019-10-01,15123.8,3434.28,257.346,326248.5,214250.0,1086.58756,
2019-11-01,15270.4,3582.94,257.208,324828.2,217600.0,1081.04149,
2019-12-01,15422.8,3669.18,256.974,322277.7,225250.0,1091.98896,
2019-12-01,15422.8,3230.83,256.974,322277.7,225250.0,1091.98896,
2020-01-01,15405.2,3771.73,257.971,319848.5,211250.0,1091.05161,
2020-01-01,15405.2,3225.04,257.971,319848.5,211250.0,1091.05161,
2020-02-01,15392.7,2954.81,258.678,317141.9,212200.0,1097.53295,
2020-02-01,15392.7,3760.4,258.678,317141.9,212200.0,1097.53295,
2020-03-01,16066.4,2584.59,258.115,316422.7,2344000.0,1077.26934,
2020-03-01,16066.4,3050.0,258.115,316422.7,2344000.0,1077.26934,
2020-04-01,17126.6,3197.39,256.389,314287.5,4667750.0,1019.96128,
2020-04-01,17126.6,2912.43,256.389,314287.5,4667750.0,1019.96128,
2020-05-01,17791.8,3379.82,256.394,310302.5,2148000.0,996.58412,
2020-06-01,18130.9,3574.47,257.797,306229.6,1476250.0,993.75132,
2020-06-01,18130.9,3100.29,257.797,306229.6,1476250.0,993.75132,
2020-07-01,18280.4,3271.12,259.101,302865.7,1384250.0,992.17475,
2020-07-01,18280.4,3674.42,259.101,302865.7,1384250.0,992.17475,
2020-08-01,18349.4,3873.09,259.918,298715.7,918600.0,981.21123,
2020-08-01,18349.4,3500.31,259.918,298715.7,918600.0,981.21123,
2020-09-01,18572.9,3363.0,260.28,294628.9,851000.0,983.60749,
2020-09-01,18572.9,3837.84,260.28,294628.9,851000.0,983.60749,
2020-10-01,18717.1,3896.87,260.388,290587.7,789200.0,977.82594,
2020-11-01,19009.4,3621.63,260.229,286621.6,735250.0,977.30831,
2020-11-01,19009.4,4047.86,260.229,286621.6,735250.0,977.30831,
2020-12-01,19278.7,4210.78,260.474,282805.7,823000.0,974.5993,
2020-12-01,19278.7,3756.07,260.474,282805.7,823000.0,974.5993,
2021-01-01,19409.4,4304.63,261.582,279335.3,848800.0,963.27361,
2021-02-01,19567.0,4382.4,263.014,275064.9,804500.0,969.22455,
2021-03-01,19996.1,4381.92,264.877,270949.1,721500.0,966.40375,
2021-03-01,19996.1,3972.89,264.877,270949.1,721500.0,966.40375,
2021-04-01,20312.0,4181.17,267.054,266811.8,621000.0,965.3364,
2021-04-01,20312.0,4602.57,267.054,266811.8,621000.0,965.3364,
2021-05-01,20363.2,4595.37,269.195,263948.1,444400.0,974.5867,
2021-06-01,20439.4,4630.24,271.696,261673.6,394000.0,992.10859,
2021-06-01,20439.4,4297.5,271.696,261673.6,394000.0,992.10859,
2021-07-01,20571.0,4744.21,273.003,259065.9,392800.0,997.96926,
2021-08-01,20777.0,4832.62,273.567,256048.4,356250.0,1001.19737,
2021-08-01,20777.0,4522.68,273.567,256048.4,356250.0,1001.19737,
2021-09-01,20957.8,4810.15,274.31,254191.9,340500.0,1011.00178,
2021-09-01,20957.8,4307.54,274.31,254191.9,340500.0,1011.00178,
2021-10-01,21098.0,4786.79,276.589,252498.5,294000.0,1017.06997,
2021-11-01,21334.6,4984.09,277.948,251241.9,240000.0,1036.35653,
2021-11-01,21334.6,4567.0,277.948,251241.9,240000.0,1036.35653,
2021-12-01,21660.4,4976.69,278.802,250072.8,199750.0,1038.46675,
2021-12-01,21660.4,4766.18,278.802,250072.8,199750.0,1038.46675,
2022-01-01,21636.8,4515.55,281.148,248472.3,245600.0,,
2022-01-01,21636.8,4828.58,281.148,248472.3,245600.0,,
2022-02-01,21590.3,4640.68,283.716,247904.8,223000.0,,
2022-02-01,21590.3,4373.94,283.716,247904.8,223000.0,,
2022-03-01,21855.8,4533.37,287.504,247472.1,,,
2022-03-01,21855.8,4530.41,287.504,247472.1,,,
2022-04-01,21849.1,4508.24,289.109,247390.8,,,
2022-05-01,21555.2,4102.73,292.296,247698.6,,,
2022-05-01,21555.2,4132.15,292.296,247698.6,,,
2022-06-01,21585.4,3785.38,296.311,248017.4,,,
2022-06-01,21585.4,3905.49,296.311,248017.4,,,
2022-07-01,21578.8,3918.75,296.276,247933.0,,,
2022-08-01,21546.4,4167.51,296.171,247482.8,,,
2022-08-01,21546.4,3955.0,296.171,247482.8,,,
2022-09-01,21459.5,3850.52,296.808,248786.1,,,
2022-09-01,21459.5,3585.62,296.808,248786.1,,,
2022-10-01,21362.5,3726.05,298.012,250692.6,,,
2022-10-01,21362.5,3871.98,298.012,250692.6,,,
2022-11-01,,3856.1,,,,,
